Date,Open,High,Low,Close,Volume
2018-01-02,4.999,4.999,4.997,4.997,14000
2018-01-03,4.999,4.999,4.998,4.998,49295
2018-01-04,4.992,4.994,4.992,4.994,10220
2018-01-05,4.9945,4.9945,4.9945,4.9945,0
2018-01-08,4.994,4.996,4.993,4.9945,29347
2018-01-09,4.997,4.997,4.995,4.995,36602
2018-01-10,4.997,4.997,4.991,4.994,36605
2018-01-11,4.993,4.995,4.993,4.994,110851
2018-01-12,4.996,4.996,4.99,4.992,6500
2018-01-15,4.9925,4.9925,4.9925,4.9925,0
2018-01-16,4.996,4.996,4.991,4.992,22809
2018-01-17,4.989,4.992,4.989,4.9905,102021
2018-01-18,4.99,4.99,4.99,4.99,3450
2018-01-19,4.99,4.99,4.988,4.99,36500
2018-01-22,4.989,4.99,4.989,4.989,12835
2018-01-23,4.9895,4.9895,4.9895,4.9895,0
2018-01-24,4.99,4.991,4.987,4.989,64887
2018-01-25,4.989,4.989,4.9875,4.9875,1500
2018-01-26,4.989,4.989,4.985,4.9855,422557
2018-01-29,4.984,4.9845,4.984,4.9845,125000
2018-01-30,4.987,4.989,4.9855,4.9855,113080
2018-01-31,4.989,4.989,4.984,4.984,8000
2018-02-01,4.983,4.985,4.982,4.982,74452
2018-02-02,4.985,4.985,4.98,4.983,45400
2018-02-05,4.984,4.986,4.984,4.9855,157960
2018-02-06,4.993,4.993,4.9915,4.9915,142000
2018-02-07,4.989,4.989,4.989,4.989,25585
2018-02-08,4.987,4.987,4.985,4.986,29908
2018-02-09,4.9885,4.989,4.987,4.989,194373
2018-02-12,4.987,4.989,4.987,4.989,632877
2018-02-13,4.99,4.99,4.9875,4.9875,249113
2018-02-14,4.99,4.99,4.982,4.982,501480
2018-02-15,4.979,4.981,4.979,4.9805,47530
2018-02-16,4.981,4.983,4.981,4.982,170200
2018-02-19,4.981,4.983,4.981,4.9815,49325
2018-02-20,4.978,4.981,4.978,4.979,108401
2018-02-21,4.979,4.979,4.979,4.979,0
2018-02-22,4.979,4.98,4.979,4.98,1010
2018-02-23,4.983,4.983,4.983,4.983,0
2018-02-26,4.985,4.986,4.985,4.985,83800
2018-02-27,4.979,4.9805,4.979,4.9805,30000
2018-02-28,4.981,4.981,4.981,4.981,9841
2018-03-01,4.982,4.984,4.982,4.983,14713
2018-03-02,4.984,4.984,4.9835,4.9835,8010
2018-03-05,4.987,4.987,4.984,4.984,2006
2018-03-06,4.985,4.9855,4.983,4.9855,30067
2018-03-07,4.986,4.986,4.9835,4.9835,15115
2018-03-08,4.9845,4.9845,4.9845,4.9845,0
2018-03-09,4.9825,4.9825,4.9825,4.9825,0
2018-03-12,4.985,4.985,4.985,4.985,81000
2018-03-13,4.987,4.988,4.986,4.986,74986
2018-03-14,4.988,4.988,4.984,4.9875,133673
2018-03-15,4.984,4.984,4.984,4.984,0
2018-03-16,4.984,4.984,4.984,4.984,0
2018-03-19,4.982,4.985,4.982,4.985,67500
2018-03-20,4.9815,4.9815,4.9815,4.9815,0
2018-03-21,4.983,4.983,4.979,4.98,60961
2018-03-22,4.988,4.988,4.9865,4.9865,108950
2018-03-23,4.989,4.989,4.9885,4.9885,68625
2018-03-26,4.988,4.988,4.988,4.988,224814
2018-03-27,4.989,4.989,4.989,4.989,348000
2018-03-28,4.992,4.993,4.991,4.992,1578449
2018-03-29,4.989,4.992,4.989,4.9905,73368
2018-04-03,4.991,4.991,4.9905,4.9905,154317
2018-04-04,4.991,4.991,4.989,4.989,107347
2018-04-05,4.988,4.988,4.988,4.988,0
2018-04-06,4.989,4.993,4.989,4.9925,145600
2018-04-09,4.992,4.992,4.991,4.991,731200
2018-04-10,4.991,4.992,4.988,4.99,131766
2018-04-12,4.9892,4.9892,4.988,4.988,203000
2018-04-13,4.989,4.989,4.987,4.987,30060
2018-04-16,4.988,4.988,4.985,4.985,135443
2018-04-17,4.9848,4.985,4.9848,4.985,17250
2018-04-18,4.982,4.982,4.982,4.982,0
2018-04-19,4.985,4.985,4.982,4.982,385360
2018-04-20,4.982,4.982,4.982,4.982,94629
2018-04-23,4.98,4.982,4.98,4.98,6114
2018-04-24,4.979,4.979,4.978,4.978,9980
2018-04-25,4.98,4.98,4.9795,4.9795,33530
2018-04-26,4.984,4.984,4.981,4.981,44385
2018-04-27,4.984,4.984,4.982,4.982,82267
2018-04-30,4.982,4.982,4.982,4.982,3410000
2018-05-01,4.98,4.98,4.98,4.98,0
2018-05-02,4.982,4.982,4.98,4.98,689
2018-05-03,4.982,4.985,4.982,4.984,87763
2018-05-04,4.9815,4.9815,4.9815,4.9815,181710
2018-05-08,4.98,4.984,4.98,4.982,4733017
2018-05-09,4.982,4.983,4.98,4.981,539110
2018-05-10,4.984,4.984,4.9815,4.9815,163500
2018-05-11,4.983,4.983,4.9815,4.9815,2025623
2018-05-14,4.981,4.981,4.981,4.981,75420
2018-05-15,4.98,4.98,4.979,4.979,16008
2018-05-16,4.976,4.979,4.976,4.978,20673
2018-05-17,4.978,4.981,4.977,4.981,184438
2018-05-18,4.98,4.9825,4.98,4.9825,377050
2018-05-21,4.981,4.982,4.981,4.981,6955
2018-05-22,4.981,4.981,4.979,4.9805,339466
2018-05-23,4.985,4.985,4.984,4.984,1000
2018-05-24,4.989,4.995,4.989,4.9895,841073
2018-05-25,4.995,4.995,4.991,4.991,115828
2018-05-29,5,5.00025,4.995,5.00025,118764
2018-05-30,5.005,5.005,4.999,4.999,71612
2018-05-31,5,5.0025,4.998,4.999,448051
2018-06-01,4.996,4.997,4.995,4.9955,433566
2018-06-04,4.995,4.995,4.993,4.994,2292998
2018-06-05,4.994,4.995,4.992,4.994,129734
2018-06-06,4.993,4.994,4.991,4.991,25000
2018-06-07,5.01,5.01,4.99,4.993,587145
2018-06-08,4.996,4.996,4.995,4.995,662636
2018-06-11,4.994,4.994,4.993,4.993,274964
2018-06-12,4.993,4.993,4.993,4.993,458218
2018-06-13,4.993,4.993,4.991,4.992,8630
2018-06-14,4.99,4.993,4.99,4.9905,38062
2018-06-15,4.991,4.995,4.991,4.993,88200
2018-06-18,4.995,4.995,4.992,4.992,20422
2018-06-19,4.999,4.999,4.9955,4.9955,133911
2018-06-20,4.996,4.996,4.9945,4.9945,27510
2018-06-21,4.996,4.998,4.996,4.9965,195526
2018-06-22,4.997,4.998,4.9965,4.9965,196374
2018-06-25,5,5.0175,5,5.00075,540349
2018-06-26,5,5.0025,4.997,4.997,441664
2018-06-27,5.0025,5.0025,4.999,5.0025,111714
2018-06-28,5.0025,5.0125,5.0025,5.0025,3218607
2018-06-29,5.0025,5.0025,5.0025,5.0025,269926
2018-07-02,5,5.005,5,5.00075,67576
2018-07-03,5.0025,5.0025,5.00125,5.00125,851
2018-07-04,4.994,5.00075,4.994,5.00075,1515
2018-07-05,5.0025,5.0025,5,5.00125,266071
2018-07-06,5,5.005,5,5.0025,45565
2018-07-09,5.0025,5.0025,5.0025,5.0025,4203
2018-07-10,5.0025,5.0025,5,5.00025,16025
2018-07-11,5.005,5.005,5.00025,5.00025,2000
2018-07-12,5.0025,5.005,5,5.00075,147665
2018-07-13,4.995,5.0025,4.995,5.0025,53146
2018-07-16,5.0025,5.0025,5.0025,5.0025,230808
2018-07-17,4.999,5.0025,4.998,4.999,96759
2018-07-18,5.0025,5.0025,5.0025,5.0025,939128
2018-07-19,5.0025,5.0025,4.999,5.00125,1969386
2018-07-20,5.005,5.005,5.0025,5.0025,51846
2018-07-23,5.005,5.005,5.00075,5.00075,69754
2018-07-24,5.0025,5.0025,4.999,4.999,43054
2018-07-25,5.0025,5.0025,4.9985,4.9985,87870
2018-07-26,5,5,4.999,5,116440
2018-07-27,4.999,5.0025,4.999,4.999,206325
2018-07-30,5,5,4.999,4.999,143094
2018-07-31,5.0025,5.0025,4.999,4.999,227166
2018-08-01,5,5,4.9985,4.9985,1035613
2018-08-02,4.998,5.0025,4.998,5,108931
2018-08-03,4.999,5.005,4.999,5.005,124373
2018-08-06,5.005,5.005,5.0025,5.00375,309251
2018-08-07,5.005,5.005,5,5.0025,1162114
2018-08-08,5.0025,5.005,5,5.005,1241528
2018-08-09,5.0025,5.0075,5.0025,5.005,10190
2018-08-10,5.005,5.0125,5.005,5.0075,85875
2018-08-13,5.0125,5.0125,5.0075,5.0075,33208
2018-08-14,5.01,5.01,5.0075,5.0075,303
2018-08-15,5.01,5.0175,5.01,5.01125,290090
2018-08-16,5.015,5.015,5.0075,5.0125,123667
2018-08-17,5.01,5.015,5.01,5.0125,85886
2018-08-20,5.0125,5.015,5.0125,5.015,171770
2018-08-21,5.015,5.015,5.01375,5.01375,4351
2018-08-22,5.016,5.016,5.013,5.014,520443
2018-08-23,5.016,5.016,5.013,5.015,20603
2018-08-24,5.015,5.016,5.014,5.014,119784
2018-08-28,5.014,5.014,5.01,5.013,478430
2018-08-29,5.014,5.014,5.01,5.011,397161
2018-08-30,5.013,5.014,5.011,5.0135,75842
2018-08-31,5.015,5.017,5.014,5.016,1523577
2018-09-03,5.017,5.017,5.016,5.016,13959
2018-09-04,5.017,5.018,5.014,5.014,161966
2018-09-05,5.02,5.02,5.01,5.01,142574
2018-09-06,5.017,5.019,5.015,5.0165,847521
2018-09-07,5.015,5.018,5.008,5.008,446235
2018-09-10,5.013,5.014,5.009,5.011,382372
2018-09-11,5.008,5.01,5.008,5.01,592685
2018-09-12,5.01,5.012,5.007,5.0085,167114
2018-09-13,5.01,5.01,5.01,5.01,3613
2018-09-14,5.008,5.008,5.007,5.007,62473
2018-09-17,5.006,5.009,5.006,5.007,371375
2018-09-18,5.004,5.01,5.004,5.006,1167585
2018-09-19,5.006,5.006,5.003,5.005,225032
2018-09-20,5.009,5.009,4.945,5.005,182356
2018-09-21,5.006,5.007,5.006,5.007,76375
2018-09-24,5.005,5.008,5.004,5.006,545470
2018-09-25,5.011,5.011,5.004,5.005,66863
2018-09-26,5.005,5.007,5.005,5.007,167850
2018-09-27,5.01,5.01,5.007,5.007,25637
2018-09-28,5.01,5.011,5.009,5.009,99970
2018-10-01,5.009,5.009,5.007,5.009,206425
2018-10-02,5.013,5.013,5.009,5.011,170625
2018-10-03,5.014,5.014,5.0065,5.0065,137870
2018-10-04,5.009,5.009,5.002,5.002,130971
2018-10-05,5.003,5.005,5.003,5.004,137056
2018-10-08,5.009,5.009,5.001,5.001,197567
2018-10-09,5.009,5.009,5.004,5.004,119963
2018-10-10,5.002,5.005,5.002,5.005,132061
2018-10-11,5.011,5.012,5.008,5.008,197708
2018-10-12,5.007,5.011,5.007,5.0105,77055
2018-10-15,5.011,5.012,5.0095,5.0095,31558
2018-10-16,5.01,5.01,5.008,5.009,206559
2018-10-17,5.011,5.011,5.009,5.01,244052
2018-10-18,5.009,5.01,5.008,5.01,44373
2018-10-19,5.013,5.013,5.007,5.008,19898
2018-10-22,5.011,5.011,5.006,5.01,22442
2018-10-23,5.008,5.015,5.008,5.012,55551
2018-10-24,5.012,5.016,5.012,5.0155,67612
2018-10-25,5.015,5.017,5.014,5.016,249336
2018-10-26,5.021,5.024,5.019,5.02,396052
2018-10-29,5.02,5.021,5.018,5.02,273686
2018-10-30,5.021,5.021,5.018,5.019,2231456
2018-10-31,5.018,5.019,5.016,5.017,60864
2018-11-01,5.02,5.02,5.015,5.019,249471
2018-11-02,5.014,5.019,5.014,5.016,98899
2018-11-05,5.015,5.018,5.011,5.013,206733
2018-11-06,5.017,5.017,5.013,5.014,295718
2018-11-07,5.012,5.016,5.012,5.014,777736
2018-11-08,5.014,5.014,5.01,5.01,145784
2018-11-09,5.016,5.016,5.011,5.014,508746
2018-11-12,5.012,5.021,5.012,5.016,532332
2018-11-13,5.015,5.02,5.015,5.017,1659658
2018-11-14,5.017,5.022,5.017,5.0205,388178
2018-11-15,5.024,5.026,5.022,5.024,59115
2018-11-16,5.022,5.029,5.022,5.027,512939
2018-11-19,5.029,5.031,5.028,5.0305,11218
2018-11-20,5.03,5.034,5.029,5.034,114416
2018-11-21,5.034,5.034,5.027,5.028,61457
2018-11-22,5.028,5.03,5.028,5.0295,47824
2018-11-23,5.029,5.034,5.029,5.031,299124
2018-11-26,5.032,5.032,5.028,5.03,371709
2018-11-27,5.03,5.032,5.028,5.031,579260
2018-11-28,5.032,5.032,5.028,5.031,368228
2018-11-29,5.034,5.038,5.033,5.035,1086482
2018-11-30,5.11,5.11,5.032,5.034,6097743
2018-12-03,5.03,5.035,5.03,5.035,262768
2018-12-04,5.053,5.053,5.034,5.0345,595142
2018-12-05,5.061,5.061,5.031,5.031,55830
2018-12-06,5.039,5.07,5.033,5.07,1606959
2018-12-07,5.051,5.055,5.039,5.04,1606116
2018-12-10,5.047,5.047,5.045,5.047,30063596
2018-12-11,5.045,5.052,5.04,5.043,424431
2018-12-12,5.043,5.045,5.04,5.04,635270
2018-12-13,5.041,5.046,5.041,5.043,814248
2018-12-14,5.04,5.049,5.04,5.046,622937
2018-12-17,5.049,5.065,5.046,5.048,1248945
2018-12-18,5.055,5.056,5.052,5.0535,1287084
2018-12-19,5.057,5.057,5.054,5.054,818850
2018-12-20,5.059,5.059,5.054,5.056,832452
2018-12-21,5.058,5.058,5.054,5.0565,6725436
2018-12-24,5.063,5.064,5.063,5.064,105659
2018-12-27,5.05,5.069,5.05,5.068,643371
2018-12-28,5.079,5.079,5.067,5.0705,464176
2018-12-31,5.075,5.075,5.072,5.072,1143
2019-01-02,5.073,5.077,5.072,5.075,345273
2019-01-03,5.079,5.083,5.073,5.0825,257724
2019-01-04,5.084,5.084,5.075,5.077,2249755
2019-01-07,5.09,5.09,5.073,5.073,105411
2019-01-08,5.072,5.072,5.066,5.07,1192674
2019-01-09,5.066,5.071,5.066,5.07,1093471
2019-01-10,5.073,5.08,5.0715,5.0715,2151295
2019-01-11,5.074,5.076,5.073,5.074,761423
2019-01-14,5.075,5.116,5.04,5.075,277924
2019-01-15,5.073,5.077,5.073,5.076,9901419
2019-01-16,5.076,5.076,5.07,5.073,2267677
2019-01-17,5.078,5.078,5.072,5.0735,8029945
2019-01-18,5.09,5.09,5.07,5.071,582322
2019-01-21,5.071,5.072,5.069,5.0695,1836324
2019-01-22,5.073,5.074,5.07,5.072,147483
2019-01-23,5.074,5.074,5.069,5.071,700898
2019-01-24,5.075,5.077,5.074,5.075,5381227
2019-01-25,5.08,5.08,5.072,5.076,1698989
2019-01-28,5.076,5.076,5.071,5.0725,246023
2019-01-29,5.077,5.078,5.074,5.076,627603
2019-01-30,5.077,5.078,5.073,5.076,144665
2019-01-31,5.081,5.087,5.081,5.087,3374663
2019-02-01,5.085,5.088,5.083,5.083,108791
2019-02-04,5.084,5.084,5.079,5.08,168549
2019-02-05,5.08,5.083,5.079,5.082,917403
2019-02-06,5.082,5.085,5.082,5.0835,1127940
2019-02-07,5.083,5.088,5.083,5.086,729541
2019-02-08,5.09,5.092,5.087,5.092,692767
2019-02-11,5.091,5.091,5.086,5.088,130521
2019-02-12,5.088,5.088,5.084,5.087,518199
2019-02-13,5.086,5.087,5.083,5.086,288263
2019-02-14,5.087,5.09,5.083,5.09,286420
2019-02-15,5.09,5.091,5.087,5.087,3343897
2019-02-18,5.089,5.089,5.086,5.087,93518
2019-02-19,5.088,5.091,5.087,5.091,121092
2019-02-20,5.09,5.093,5.089,5.092,3580187
2019-02-21,5.092,5.092,5.086,5.089,177769
2019-02-22,5.09,5.122,5.087,5.092,9939485
2019-02-25,5.093,5.093,5.089,5.091,381313
2019-02-26,5.09,5.094,5.09,5.092,96954
2019-02-27,5.095,5.095,5.089,5.092,748600
2019-02-28,5.093,5.096,5.088,5.09,1364003
2019-03-01,5.092,5.092,5.089,5.09,1206752
2019-03-04,5.087,5.09,5.085,5.09,251712
2019-03-05,5.091,5.099,5.086,5.099,772376
2019-03-06,5.085,5.093,5.085,5.093,818128
2019-03-07,5.092,5.098,5.092,5.097,1071758
2019-03-08,5.101,5.101,5.096,5.097,305790
2019-03-11,5.099,5.099,5.095,5.099,786623
2019-03-12,5.094,5.1,5.094,5.1,373027
2019-03-13,5.1,5.101,5.098,5.101,9093796
2019-03-14,5.102,5.102,5.098,5.101,245304
2019-03-15,5.099,5.117,5.099,5.103,1096155
2019-03-18,5.104,5.105,5.101,5.104,512335
2019-03-19,5.104,5.104,5.101,5.102,975976
2019-03-20,5.103,5.105,5.101,5.102,909935
2019-03-21,5.113,5.113,5.109,5.111,1420797
2019-03-22,5.111,5.119,5.11,5.119,2792124
2019-03-25,5.119,5.122,5.115,5.122,11151260
2019-03-26,5.119,5.123,5.119,5.123,7235373
2019-03-27,5.123,5.131,5.123,5.128,1755339
2019-03-28,5.131,5.131,5.124,5.127,9680627
2019-03-29,5.124,5.125,5.122,5.124,604971
2019-04-01,5.119,5.122,5.116,5.12,879250
2019-04-02,5.117,5.122,5.117,5.122,544664
2019-04-03,5.116,5.12,5.116,5.12,364816
2019-04-04,5.121,5.121,5.117,5.12,306061
2019-04-05,5.117,5.121,5.116,5.12,393712
2019-04-08,5.122,5.122,5.116,5.116,11543924
2019-04-09,5.116,5.121,5.116,5.118,4043911
2019-04-10,5.123,5.124,5.118,5.123,904462
2019-04-11,5.122,5.123,5.118,5.122,603797
2019-04-12,5.119,5.119,5.114,5.118,12545475
2019-04-15,5.12,5.12,5.114,5.117,16889970
2019-04-16,5.116,5.118,5.114,5.116,2678946
2019-04-17,5.113,5.118,5.113,5.116,487746
2019-04-18,5.111,5.122,5.111,5.12,253394
2019-04-23,5.067,5.124,5.067,5.12,576836
2019-04-24,5.125,5.128,5.122,5.128,3388743
2019-04-25,5.125,5.128,5.125,5.1265,693325
2019-04-26,5.13,5.131,5.128,5.1305,310608
2019-04-29,5.132,5.132,5.128,5.128,432077
2019-04-30,5.133,5.133,5.127,5.13,240816
2019-05-01,5.131,5.135,5.131,5.1335,119766
2019-05-02,5.129,5.129,5.125,5.1255,227368
2019-05-03,5.128,5.13,5.126,5.1285,208275
2019-05-06,5.13074,5.13074,5.126,5.13074,39000
2019-05-07,5.134,5.135,5.13,5.132,1197521
2019-05-08,5.138,5.138,5.131,5.132,1226399
2019-05-09,5.136,5.14,5.134,5.136,341975
2019-05-10,5.135,5.14,5.134,5.14,952553
2019-05-13,5.141,5.146,5.137,5.143,338177
2019-05-14,5.144,5.144,5.143,5.143,896290
2019-05-15,5.14,5.15,5.14,5.1455,320072
2019-05-16,5.149,5.149,5.142,5.145,942597
2019-05-17,5.144,5.149,5.142,5.1435,264913
2019-05-20,5.145,5.146,5.142,5.142,6992145
2019-05-21,5.141,5.143,5.14,5.142,4021163
2019-05-22,5.143,5.144,5.14,5.144,7132956
2019-05-23,5.146,5.151,5.145,5.148,4168981
2019-05-24,5.151,5.152,5.148,5.152,1310016
2019-05-28,5.151,5.154,5.15,5.1515,2612570
2019-05-29,5.159,5.159,5.155,5.155,498522
2019-05-30,5.154,5.156,5.153,5.156,7648327
2019-05-31,5.166,5.168,5.154,5.163,1329886
2019-06-03,5.175,5.18,5.172,5.175,463884
2019-06-04,5.18,5.18,5.17,5.175,866471
2019-06-05,5.181,5.186,5.177,5.182,821590
2019-06-06,5.181,5.183,5.179,5.182,1083478
2019-06-07,5.18,5.188,5.177,5.186,1128163
2019-06-10,5.178,5.18,5.175,5.178,343015
2019-06-11,5.175,5.175,5.173,5.175,1645586
2019-06-12,5.176,5.181,5.176,5.177,443607
2019-06-13,5.183,5.183,5.18,5.182,764558
2019-06-14,5.184,5.189,5.179,5.184,3297302
2019-06-17,5.181,5.184,5.18,5.1825,280755
2019-06-18,5.182,5.188,5.182,5.186,248027
2019-06-19,5.18,5.182,5.178,5.182,1221503
2019-06-20,5.195,5.201,5.195,5.201,623356
2019-06-21,5.195,5.195,5.189,5.192,1472641
2019-06-24,5.194,5.197,5.192,5.195,175654
2019-06-25,5.199,5.201,5.195,5.198,775655
2019-06-26,5.195,5.195,5.192,5.193,254125
2019-06-27,5.188,5.195,5.188,5.193,3354955
2019-06-28,5.196,5.196,5.192,5.196,95303
2019-07-01,5.19,5.196,5.19,5.194,1524860
2019-07-02,5.191,5.197,5.191,5.197,1020182
2019-07-03,5.196,5.2,5.194,5.195,2076354
2019-07-04,5.195,5.199,5.194,5.199,403635
2019-07-05,5.195,5.197,5.184,5.188,159846
2019-07-08,5.19,5.19,5.184,5.184,1700098
2019-07-09,5.186,5.186,5.183,5.184,601517
2019-07-10,5.183,5.191,5.18,5.191,98540
2019-07-11,5.194,5.195,5.188,5.191,1735724
2019-07-12,5.187,5.19,5.186,5.188,171601
2019-07-15,5.189,5.191,5.187,5.188,6267605
2019-07-16,5.188,5.193,5.186,5.188,2648152
2019-07-17,5.188,5.191,5.188,5.189,7348054
2019-07-18,5.194,5.195,5.191,5.194,617162
2019-07-19,5.198,5.199,5.194,5.196,9076196
2019-07-22,5.196,5.198,5.194,5.1965,304811
2019-07-23,5.196,5.196,5.193,5.194,9965157
2019-07-24,5.196,5.197,5.193,5.194,6766321
2019-07-25,5.198,5.198,5.191,5.191,8967938
2019-07-26,5.193,5.193,5.188,5.19,13870401
2019-07-29,5.192,5.195,5.192,5.194,1761155
2019-07-30,5.195,5.196,5.191,5.191,792617
2019-07-31,5.197,5.198,5.193,5.1965,433405
2019-08-01,5.188,5.198,5.188,5.196,640857
2019-08-02,5.209,5.21,5.204,5.205,875001
2019-08-05,5.219,5.22,5.215,5.217,5324079
2019-08-06,5.219,5.221,5.217,5.218,1342037
2019-08-07,5.225,5.229,5.223,5.224,888926
2019-08-08,5.219,5.222,5.216,5.22,514548
2019-08-09,5.223,5.223,5.219,5.219,845782
2019-08-12,5.217,5.224,5.217,5.219,374182
2019-08-13,5.227,5.227,5.216,5.219,1957218
2019-08-14,5.219,5.226,5.216,5.224,417691
2019-08-15,5.226,5.231,5.223,5.228,766367
2019-08-16,5.232,5.233,5.228,5.229,596214
2019-08-19,5.243,5.243,5.228,5.231,377104
2019-08-20,5.23,5.233,5.229,5.233,819851
2019-08-21,5.231,5.231,5.228,5.231,2017802
2019-08-22,5.23,5.23,5.224,5.2255,2434241
2019-08-23,5.223,5.231,5.221,5.231,2710905
2019-08-27,5.229,5.233,5.228,5.23,1547295
2019-08-28,5.233,5.235,5.231,5.232,480034
2019-08-29,5.236,5.236,5.23,5.232,1032901
2019-08-30,5.233,5.233,5.229,5.232,1200783
2019-09-02,5.244,5.25,5.2325,5.2325,794986
2019-09-03,5.236,5.241,5.233,5.237,755154
2019-09-04,5.236,5.24,5.236,5.239,1353384
2019-09-05,5.239,5.24,5.227,5.229,1950884
2019-09-06,5.232,5.233,5.229,5.23,781619
2019-09-09,5.232,5.232,5.226,5.227,625481
2019-09-10,5.227,5.227,5.223,5.223,410414
2019-09-11,5.217,5.221,5.216,5.221,538255
2019-09-12,5.22,5.224,5.215,5.218,765973
2019-09-13,5.216,5.216,5.21,5.211,1699013
2019-09-16,5.2,5.212,5.2,5.208,534986
2019-09-17,5.209,5.214,5.209,5.2135,289028
2019-09-18,5.216,5.22,5.213,5.22,680796
2019-09-19,5.213,5.216,5.211,5.214,885768
2019-09-20,5.212,5.216,5.211,5.215,324497
2019-09-23,5.219,5.225,5.215,5.224,1091544
2019-09-24,5.218,5.225,5.218,5.225,1244822
2019-09-25,5.222,5.226,5.221,5.223,701709
2019-09-26,5.224,5.225,5.219,5.225,414543
2019-09-27,5.224,5.224,5.221,5.224,1700453
2019-09-30,5.225,5.23,5.222,5.2245,401853
2019-10-01,5.226,5.234,5.219,5.231,1059294
2019-10-02,5.234,5.24,5.232,5.237,535706
2019-10-03,5.242,5.25,5.239,5.247,3307243
2019-10-04,5.251,5.251,5.243,5.247,353523
2019-10-07,5.251,5.251,5.243,5.243,985292
2019-10-08,5.243,5.247,5.242,5.246,321056
2019-10-09,5.249,5.249,5.244,5.2465,380812
2019-10-10,5.246,5.247,5.237,5.241,491182
2019-10-11,5.24,5.24,5.228,5.232,1121686
2019-10-14,5.235,5.239,5.231,5.233,194091
2019-10-15,5.234,5.238,5.231,5.232,235420
2019-10-16,5.234,5.236,5.232,5.2345,220137
2019-10-17,5.24,5.24,5.23,5.238,664631
2019-10-18,5.236,5.239,5.233,5.238,3588593
2019-10-21,5.236,5.238,5.233,5.233,1010624
2019-10-22,5.236,5.237,5.232,5.234,2365251
2019-10-23,5.239,5.239,5.2355,5.2355,962487
2019-10-24,5.235,5.239,5.235,5.237,227840
2019-10-25,5.237,5.238,5.233,5.233,794312
2019-10-28,5.232,5.232,5.228,5.232,1867113
2019-10-29,5.233,5.234,5.23,5.23,695915
2019-10-30,5.233,5.235,5.229,5.234,778531
2019-10-31,5.236,5.243,5.235,5.2415,284787
2019-11-01,5.245,5.245,5.241,5.241,830934
2019-11-04,5.24,5.24,5.236,5.238,1096052
2019-11-05,5.235,5.238,5.232,5.2335,722813
2019-11-06,5.237,5.237,5.233,5.234,474761
2019-11-07,5.234,5.235,5.23,5.231,442235
2019-11-08,5.233,5.234,5.229,5.234,635984
2019-11-11,5.235,5.235,5.228,5.233,7501468
2019-11-12,5.231,5.233,5.229,5.2315,225900
2019-11-13,5.235,5.237,5.234,5.234,480711
2019-11-14,5.239,5.242,5.236,5.2405,1086537
2019-11-15,5.239,5.241,5.237,5.24,897841
2019-11-18,5.237,5.242,5.237,5.2405,188195
2019-11-19,5.241,5.242,5.238,5.242,287065
2019-11-20,5.241,5.245,5.24,5.24,332980
2019-11-21,5.245,5.246,5.241,5.246,879336
2019-11-22,5.25,5.25,5.238,5.241,300516
2019-11-25,5.241,5.242,5.237,5.242,1821401
2019-11-26,5.242,5.245,5.24,5.244,3430421
2019-11-27,5.244,5.244,5.238,5.242,1075142
2019-11-28,5.238,5.241,5.238,5.2395,93600
2019-11-29,5.253,5.253,5.237,5.239,1838619
2019-12-02,5.237,5.243,5.237,5.243,1552702
2019-12-03,5.251,5.251,5.242,5.248,740753
2019-12-04,5.247,5.25,5.243,5.244,192547
2019-12-05,5.244,5.246,5.241,5.246,439098
2019-12-06,5.242,5.245,5.24,5.242,1284786
2019-12-09,5.24,5.244,5.24,5.242,386937
2019-12-10,5.243,5.244,5.2385,5.2385,5929792
2019-12-11,5.24,5.241,5.238,5.241,3009689
2019-12-12,5.241,5.246,5.237,5.239,2555291
2019-12-13,5.218,5.247,5.218,5.247,1606919
2019-12-16,5.245,5.245,5.24,5.242,5451845
2019-12-17,5.241,5.244,5.241,5.241,2921040
2019-12-18,5.23,5.245,5.23,5.241,2254228
2019-12-19,5.223,5.247,5.223,5.2445,2461692
2019-12-20,5.243,5.245,5.242,5.244,1394887
2019-12-23,5.242,5.245,5.233,5.233,685929
2019-12-24,5.248,5.248,5.24,5.2435,2725707
2019-12-27,5.245,5.255,5.245,5.253,3277103
2019-12-30,5.25,5.252,5.247,5.249,583791
2019-12-31,5.249,5.2535,5.249,5.2535,12346
2020-01-02,5.249,5.257,5.249,5.252,175688
2020-01-03,5.257,5.261,5.254,5.256,176247
2020-01-06,5.269,5.269,5.253,5.253,605939
2020-01-07,5.258,5.258,5.254,5.258,961275
2020-01-08,5.261,5.261,5.254,5.2545,986588
2020-01-09,5.255,5.255,5.25,5.254,224207
2020-01-10,5.252,5.256,5.249,5.249,1417682
2020-01-13,5.244,5.256,5.244,5.256,628367
2020-01-14,5.256,5.257,5.253,5.2555,1274405
2020-01-15,5.255,5.258,5.255,5.257,576776
2020-01-16,5.259,5.259,5.255,5.256,675492
2020-01-17,5.257,5.259,5.255,5.259,974928
2020-01-20,5.255,5.26,5.255,5.258,423446
2020-01-21,5.258,5.262,5.258,5.261,637802
2020-01-22,5.262,5.263,5.259,5.261,1376625
2020-01-23,5.263,5.268,5.262,5.268,1413677
2020-01-24,5.261,5.268,5.261,5.268,1166911
2020-01-27,5.278,5.278,5.258,5.258,788397
2020-01-28,5.266,5.276,5.266,5.268,923167
2020-01-29,5.272,5.273,5.269,5.273,451825
2020-01-30,5.275,5.278,5.274,5.278,435146
2020-01-31,5.277,5.282,5.275,5.282,1481488
2020-02-03,5.283,5.299,5.276,5.276,354642
2020-02-04,5.278,5.282,5.272,5.282,1465604
2020-02-05,5.289,5.289,5.27,5.275,937440
2020-02-06,5.277,5.277,5.269,5.27,1424279
2020-02-07,5.292,5.292,5.273,5.273,506532
2020-02-10,5.274,5.28,5.274,5.28,984754
2020-02-11,5.276,5.278,5.274,5.278,1080869
2020-02-12,5.271,5.275,5.271,5.275,671757
2020-02-13,5.301,5.301,5.272,5.273,1084408
2020-02-14,5.272,5.278,5.272,5.275,3497287
2020-02-17,5.272,5.278,5.272,5.278,299442
2020-02-18,5.277,5.281,5.277,5.278,494924
2020-02-19,5.278,5.279,5.275,5.279,655843
2020-02-20,5.277,5.282,5.277,5.2815,666893
2020-02-21,5.284,5.289,5.281,5.283,2640682
2020-02-24,5.291,5.296,5.289,5.292,1148970
2020-02-25,5.29,5.301,5.29,5.297,882729
2020-02-26,5.29,5.301,5.29,5.298,4305146
2020-02-27,5.304,5.313,5.303,5.304,8108259
2020-02-28,5.316,5.328,5.315,5.321,3297527
2020-03-02,5.337,5.344,5.326,5.331,11048797
2020-03-03,5.308,5.348,5.308,5.345,2470700
2020-03-04,5.353,5.356,5.347,5.352,1303052
2020-03-05,5.354,5.362,5.352,5.357,828210
2020-03-06,5.369,5.379,5.363,5.368,3373291
2020-03-09,5.378,5.395,5.366,5.37,4121442
2020-03-10,5.366,5.378,5.357,5.378,2332314
2020-03-11,5.362,5.376,5.362,5.372,4762875
2020-03-12,5.341,5.399,5.34,5.35,1387357
2020-03-13,5.312,5.397,5.309,5.31,1052827
2020-03-16,5.36,5.399,5.351,5.3745,683559
2020-03-17,5.332,5.39,5.332,5.344,1431014
2020-03-18,5.345,5.386,5.322,5.334,6324496
2020-03-19,5.385,5.385,5.336,5.365,2602500
2020-03-20,5.348,5.398,5.347,5.37,1042623
2020-03-23,5.366,5.4,5.366,5.372,2328218
2020-03-24,5.372,5.399,5.368,5.368,2173327
2020-03-25,5.381,5.385,5.362,5.371,500779
2020-03-26,5.385,5.4,5.375,5.38,2868772
2020-03-27,5.387,5.399,5.381,5.39,5350717
2020-03-30,5.383,5.408,5.383,5.391,987440
2020-03-31,5.4,5.408,5.385,5.408,2214662
2020-04-01,5.392,5.408,5.384,5.395,527051
2020-04-02,5.393,5.409,5.393,5.4,806066
2020-04-03,5.398,5.403,5.39,5.403,467090
2020-04-06,5.402,5.402,5.393,5.3975,535780
2020-04-07,5.398,5.398,5.388,5.394,1072206
2020-04-08,5.392,5.4,5.391,5.394,1271194
2020-04-09,5.393,5.402,5.393,5.397,618160
2020-04-14,5.393,5.405,5.393,5.403,1762322
2020-04-15,5.396,5.409,5.396,5.403,2749915
2020-04-16,5.403,5.409,5.397,5.407,1915616
2020-04-17,5.406,5.406,5.399,5.406,1381883
2020-04-20,5.397,5.407,5.397,5.4015,5641428
2020-04-21,5.407,5.409,5.399,5.406,764254
2020-04-22,5.405,5.405,5.398,5.404,1340065
2020-04-23,5.406,5.406,5.399,5.402,362987
2020-04-24,5.406,5.406,5.397,5.401,828938
2020-04-27,5.406,5.419,5.397,5.419,3935133
2020-04-28,5.4,5.406,5.396,5.404,5811304
2020-04-29,5.403,5.421,5.399,5.4,5299214
2020-04-30,5.407,5.407,5.4,5.401,4122280
2020-05-01,5.402,5.407,5.399,5.4015,488287
2020-05-04,5.401,5.408,5.399,5.402,502606
2020-05-05,5.407,5.407,5.4,5.406,1176736
2020-05-06,5.398,5.407,5.398,5.4035,2864028
2020-05-07,5.401,5.41,5.401,5.41,1033897
2020-05-11,5.411,5.412,5.403,5.408,943476
2020-05-12,5.407,5.409,5.403,5.403,392716
2020-05-13,5.41,5.41,5.404,5.41,287226
2020-05-14,5.412,5.412,5.405,5.406,679918
2020-05-15,5.413,5.413,5.405,5.412,1098399
2020-05-18,5.402,5.411,5.402,5.408,1049726
2020-05-19,5.414,5.414,5.403,5.407,5080870
2020-05-20,5.408,5.408,5.404,5.4065,780719
2020-05-21,5.415,5.415,5.404,5.4065,111556
2020-05-22,5.417,5.417,5.405,5.408,974069
2020-05-26,5.415,5.415,5.403,5.405,3105738
2020-05-27,5.403,5.409,5.397,5.408,1035992
2020-05-28,5.406,5.408,5.403,5.407,762017
2020-05-29,5.408,5.408,5.399,5.4065,1010691
2020-06-01,5.416,5.419,5.396,5.41,862924
2020-06-02,5.407,5.409,5.405,5.407,838732
2020-06-03,5.408,5.408,5.393,5.4025,5030154
2020-06-04,5.404,5.429,5.396,5.429,3547363
2020-06-05,5.4,5.408,5.394,5.408,9426839
2020-06-08,5.403,5.407,5.358,5.4015,7032661
2020-06-09,5.399,5.403,5.399,5.403,2743670
2020-06-10,5.412,5.412,5.402,5.405,3630936
2020-06-11,5.415,5.415,5.401,5.408,4146409
2020-06-12,5.406,5.406,5.402,5.403,921959
2020-06-15,5.396,5.408,5.396,5.404,828754
2020-06-16,5.403,5.406,5.402,5.406,1611236
2020-06-17,5.406,5.406,5.402,5.405,167215
2020-06-18,5.403,5.407,5.403,5.406,1237789
2020-06-19,5.407,5.407,5.403,5.405,1462472
2020-06-22,5.407,5.408,5.404,5.407,2121183
2020-06-23,5.406,5.407,5.403,5.405,1173495
2020-06-24,5.401,5.407,5.401,5.405,1398764
2020-06-25,5.404,5.421,5.404,5.406,1930510
2020-06-26,5.408,5.41,5.404,5.407,1540854
2020-06-29,5.41,5.41,5.406,5.41,1040325
2020-06-30,5.412,5.412,5.408,5.41,1415428
2020-07-01,5.411,5.411,5.407,5.4085,697207
2020-07-02,5.406,5.41,5.406,5.409,242100
2020-07-03,5.41,5.41,5.407,5.4085,79193
2020-07-06,5.409,5.41,5.406,5.409,1033959
2020-07-07,5.41,5.41,5.406,5.409,1077366
2020-07-08,5.41,5.411,5.407,5.407,1511612
2020-07-09,5.411,5.411,5.407,5.411,1554777
2020-07-10,5.409,5.412,5.409,5.411,157390
2020-07-13,5.411,5.412,5.407,5.4085,485721
2020-07-14,5.411,5.411,5.407,5.41,3140445
2020-07-15,5.411,5.412,5.407,5.408,2067648
2020-07-16,5.412,5.412,5.408,5.41,1202683
2020-07-17,5.412,5.413,5.409,5.411,3051737
2020-07-20,5.412,5.412,5.409,5.41,957303
2020-07-21,5.409,5.417,5.401,5.417,5014528
2020-07-22,5.412,5.412,5.409,5.4105,360828
2020-07-23,5.412,5.412,5.408,5.411,6695155
2020-07-24,5.409,5.413,5.409,5.412,5028948
2020-07-27,5.413,5.413,5.409,5.4105,225289
2020-07-28,5.412,5.413,5.408,5.41,550896
2020-07-29,5.409,5.413,5.409,5.413,297034
2020-07-30,5.414,5.415,5.41,5.414,767660
2020-07-31,5.412,5.416,5.412,5.414,1541307
2020-08-03,5.417,5.417,5.413,5.414,941082
2020-08-04,5.416,5.416,5.412,5.4145,15829254
2020-08-05,5.417,5.417,5.412,5.414,660325
2020-08-06,5.415,5.417,5.412,5.415,294640
2020-08-07,5.415,5.416,5.413,5.415,342382
2020-08-10,5.415,5.415,5.412,5.414,380675
2020-08-11,5.414,5.414,5.409,5.411,264916
2020-08-12,5.411,5.411,5.408,5.409,436002
2020-08-13,5.412,5.412,5.408,5.409,145586
2020-08-14,5.411,5.411,5.408,5.411,393211
2020-08-17,5.412,5.413,5.409,5.409,572954
2020-08-18,5.412,5.412,5.408,5.41,1720619
2020-08-19,5.413,5.413,5.409,5.412,1405906
2020-08-20,5.41,5.414,5.41,5.413,1735510
2020-08-21,5.413,5.414,5.409,5.411,1340344
2020-08-24,5.41,5.413,5.41,5.4115,1997903
2020-08-25,5.408,5.412,5.408,5.41,445836
2020-08-26,5.411,5.411,5.408,5.4105,762538
2020-08-27,5.409,5.413,5.409,5.412,227876
2020-08-28,5.408,5.414,5.408,5.413,752100
2020-09-01,5.411,5.414,5.411,5.413,1789102
2020-09-02,5.413,5.415,5.411,5.415,2951425
2020-09-03,5.41,5.415,5.41,5.413,751211
2020-09-04,5.414,5.414,5.41,5.41,1522146
2020-09-07,5.413,5.413,5.409,5.4115,80414
2020-09-08,5.414,5.414,5.41,5.412,675158
2020-09-09,5.413,5.413,5.41,5.413,1506369
2020-09-10,5.412,5.413,5.409,5.413,769063
2020-09-11,5.414,5.417,5.404,5.41,2162344
2020-09-14,5.415,5.415,5.412,5.414,319835
2020-09-15,5.411,5.414,5.411,5.414,1638233
2020-09-16,5.411,5.413,5.411,5.411,285575
2020-09-17,5.411,5.415,5.411,5.412,455614
2020-09-18,5.414,5.414,5.412,5.414,440018
2020-09-21,5.413,5.415,5.411,5.413,464385
2020-09-22,5.411,5.415,5.408,5.413,1813510
2020-09-23,5.415,5.415,5.411,5.414,193751
2020-09-24,5.415,5.415,5.412,5.412,723489
2020-09-25,5.415,5.415,5.412,5.415,482597
2020-09-28,5.415,5.415,5.411,5.412,2305678
2020-09-29,5.416,5.416,5.412,5.413,749664
2020-09-30,5.412,5.414,5.412,5.412,175496
2020-10-01,5.414,5.415,5.411,5.411,3983342
2020-10-02,5.412,5.416,5.411,5.412,456073
2020-10-05,5.411,5.415,5.411,5.413,313738
2020-10-06,5.411,5.413,5.411,5.413,368477
2020-10-07,5.413,5.413,5.409,5.412,4538839
2020-10-08,5.412,5.412,5.409,5.412,1593288
2020-10-09,5.409,5.413,5.409,5.412,644191
2020-10-12,5.41,5.412,5.41,5.411,621216
2020-10-13,5.413,5.414,5.41,5.414,4756679
2020-10-14,5.41,5.414,5.41,5.414,305190
2020-10-15,5.415,5.415,5.411,5.412,1032314
2020-10-16,5.414,5.414,5.411,5.413,645069
2020-10-19,5.414,5.414,5.41,5.4115,479709
2020-10-20,5.411,5.413,5.411,5.411,450267
2020-10-21,5.411,5.412,5.41,5.411,600911
2020-10-22,5.41,5.413,5.41,5.412,946183
2020-10-23,5.41,5.413,5.409,5.41,1105450
2020-10-26,5.41,5.413,5.41,5.413,278316
2020-10-27,5.411,5.413,5.411,5.412,1063617
2020-10-28,5.412,5.414,5.411,5.412,799175
2020-10-29,5.412,5.415,5.41,5.411,2761697
2020-10-30,5.411,5.413,5.41,5.4115,730598
2020-11-02,5.413,5.413,5.41,5.412,849208
2020-11-03,5.412,5.413,5.409,5.41,246161
2020-11-04,5.41,5.414,5.409,5.414,880811
2020-11-05,5.415,5.415,5.411,5.413,3336569
2020-11-06,5.41,5.414,5.41,5.41,424622
2020-11-09,5.41,5.413,5.407,5.409,476037
2020-11-10,5.407,5.41,5.406,5.407,1512489
2020-11-11,5.406,5.409,5.406,5.407,3016870
2020-11-12,5.411,5.411,5.407,5.408,315194
2020-11-13,5.408,5.411,5.408,5.409,396386
2020-11-16,5.412,5.412,5.409,5.41,983947
2020-11-17,5.412,5.412,5.408,5.41,1960258
2020-11-18,5.412,5.412,5.386,5.41,3097809
2020-11-19,5.409,5.411,5.409,5.409,1317700
2020-11-20,5.412,5.412,5.409,5.412,478484
2020-11-23,5.413,5.413,5.41,5.411,2003584
2020-11-24,5.412,5.413,5.41,5.41,2489212
2020-11-25,5.409,5.413,5.409,5.413,3458684
2020-11-26,5.41,5.414,5.41,5.413,160166
2020-11-27,5.414,5.414,5.411,5.413,1036937
2020-11-30,5.414,5.414,5.412,5.412,5156345
2020-12-01,5.411,5.414,5.409,5.412,2655339
2020-12-02,5.41,5.413,5.41,5.412,468363
2020-12-03,5.41,5.414,5.41,5.414,1873864
2020-12-04,5.411,5.414,5.411,5.414,552013
2020-12-07,5.415,5.415,5.411,5.414,650254
2020-12-08,5.415,5.415,5.412,5.414,993384
2020-12-09,5.411,5.418,5.411,5.414,1076299
2020-12-10,5.415,5.415,5.412,5.413,493145
2020-12-11,5.413,5.418,5.39,5.417,1511676
2020-12-14,5.418,5.418,5.414,5.415,2584524
2020-12-15,5.415,5.417,5.415,5.417,1558834
2020-12-16,5.415,5.417,5.414,5.415,1936988
2020-12-17,5.417,5.417,5.415,5.416,2842446
2020-12-18,5.416,5.417,5.415,5.416,1453179
2020-12-21,5.418,5.422,5.415,5.415,1716043
2020-12-22,5.415,5.417,5.415,5.417,1237127
2020-12-23,5.415,5.418,5.415,5.417,780641
2020-12-24,5.417,5.419,5.416,5.416,301312
2020-12-29,5.415,5.418,5.415,5.418,2054153
2020-12-30,5.419,5.419,5.415,5.4165,1974056
2020-12-31,5.419,5.42,5.4185,5.4185,271766
2021-01-04,5.415,5.42,5.415,5.419,803664
2021-01-05,5.419,5.419,5.415,5.415,254724
2021-01-06,5.414,5.417,5.413,5.416,719575
2021-01-07,5.416,5.417,5.412,5.415,1777114
2021-01-08,5.413,5.416,5.413,5.414,853300
2021-01-11,5.415,5.416,5.413,5.414,638208
2021-01-12,5.411,5.415,5.411,5.413,869514
2021-01-13,5.412,5.414,5.412,5.414,1147732
2021-01-14,5.411,5.417,5.411,5.4155,1959654
2021-01-15,5.413,5.416,5.413,5.415,4334661
2021-01-18,5.415,5.418,5.414,5.415,117470
2021-01-19,5.413,5.417,5.413,5.4155,455445
2021-01-20,5.417,5.418,5.414,5.4165,626295
2021-01-21,5.419,5.419,5.415,5.416,459070
2021-01-22,5.419,5.419,5.415,5.417,897055
2021-01-25,5.418,5.418,5.415,5.416,563173
2021-01-26,5.416,5.419,5.416,5.419,509255
2021-01-27,5.414,5.419,5.414,5.416,579939
2021-01-28,5.416,5.419,5.415,5.416,864103
2021-01-29,5.416,5.418,5.416,5.416,2053683
2021-02-01,5.414,5.457,5.414,5.418,493573
2021-02-02,5.417,5.419,5.416,5.418,750095
2021-02-03,5.418,5.418,5.416,5.418,789878
2021-02-04,5.416,5.418,5.415,5.418,810507
2021-02-05,5.426,5.426,5.41,5.419,2233206
2021-02-08,5.417,5.419,5.416,5.4175,3353862
2021-02-09,5.418,5.419,5.416,5.419,1739605
2021-02-10,5.425,5.425,5.416,5.416,870458
2021-02-11,5.414,5.426,5.414,5.418,685027
2021-02-12,5.419,5.419,5.416,5.417,2728335
2021-02-15,5.419,5.419,5.416,5.417,145911
2021-02-16,5.41,5.42,5.41,5.417,351171
2021-02-17,5.417,5.42,5.415,5.416,1299398
2021-02-18,5.419,5.419,5.416,5.417,820839
2021-02-19,5.417,5.419,5.417,5.4175,3118053
2021-02-22,5.418,5.418,5.416,5.416,987295
2021-02-23,5.416,5.421,5.415,5.416,1656478
2021-02-24,5.417,5.419,5.415,5.417,1708665
2021-02-25,5.408,5.416,5.408,5.4115,1994363
2021-02-26,5.411,5.414,5.405,5.409,602601
2021-03-01,5.416,5.417,5.413,5.415,1911235
2021-03-02,5.418,5.418,5.415,5.417,766376
2021-03-03,5.416,5.417,5.413,5.414,503768
2021-03-04,5.415,5.416,5.412,5.4145,2457247
2021-03-05,5.414,5.415,5.411,5.412,862606
2021-03-08,5.412,5.42,5.41,5.41,196465
2021-03-09,5.41,5.412,5.409,5.4095,2150856
2021-03-10,5.413,5.413,5.41,5.412,2084503
2021-03-11,5.413,5.414,5.412,5.413,599181
2021-03-12,5.414,5.414,5.41,5.4115,648692
2021-03-15,5.413,5.414,5.411,5.413,208816
2021-03-16,5.412,5.414,5.411,5.4125,1042782
2021-03-17,5.414,5.414,5.411,5.414,1053710
2021-03-18,5.421,5.421,5.41,5.411,419773
2021-03-19,5.413,5.417,5.412,5.415,1238901
2021-03-22,5.413,5.416,5.413,5.415,891421
2021-03-23,5.413,5.416,5.413,5.416,515238
2021-03-24,5.417,5.417,5.414,5.415,604800
2021-03-25,5.414,5.417,5.414,5.417,2272583
2021-03-26,5.417,5.417,5.414,5.417,1167582
2021-03-29,5.417,5.417,5.412,5.414,979867
2021-03-30,5.415,5.415,5.412,5.414,992900
2021-03-31,5.416,5.416,5.413,5.415,442515
2021-04-01,5.412,5.415,5.412,5.414,3070486
2021-04-06,5.414,5.415,5.411,5.415,910359
2021-04-07,5.413,5.416,5.413,5.416,2309307
2021-04-08,5.416,5.416,5.413,5.415,562009
2021-04-09,5.407,5.415,5.407,5.415,2263963
2021-04-12,5.415,5.416,5.413,5.4135,664753
2021-04-13,5.411,5.415,5.411,5.412,955230
2021-04-14,5.413,5.416,5.413,5.415,5238390
2021-04-15,5.413,5.415,5.413,5.415,9896525
2021-04-16,5.41,5.416,5.409,5.415,1455838
2021-04-19,5.416,5.417,5.413,5.4145,2463929
2021-04-20,5.42,5.42,5.413,5.416,709635
2021-04-21,5.415,5.417,5.414,5.417,1544905
2021-04-22,5.417,5.417,5.413,5.417,929598
2021-04-23,5.417,5.417,5.414,5.416,1539627
2021-04-26,5.416,5.416,5.413,5.415,1144368
2021-04-27,5.415,5.415,5.413,5.415,306595
2021-04-28,5.412,5.415,5.412,5.415,203023
2021-04-29,5.415,5.416,5.413,5.415,896143
2021-04-30,5.417,5.417,5.414,5.417,466555
2021-05-03,5.4167,5.417,5.414,5.4167,1990
2021-05-04,5.414,5.418,5.414,5.417,4977415
2021-05-05,5.417,5.418,5.414,5.418,720905
2021-05-06,5.418,5.419,5.416,5.416,3181852
2021-05-07,5.418,5.421,5.416,5.42,425987
2021-05-10,5.419,5.42,5.417,5.42,699869
2021-05-11,5.422,5.422,5.415,5.416,574242
2021-05-12,5.418,5.419,5.414,5.416,1047234
2021-05-13,5.417,5.418,5.415,5.415,1398032
2021-05-14,5.416,5.42,5.416,5.419,806129
2021-05-17,5.42,5.42,5.413,5.418,454688
2021-05-18,5.416,5.42,5.416,5.418,3778693
2021-05-19,5.416,5.419,5.416,5.417,3198564
2021-05-20,5.416,5.419,5.416,5.419,972400
2021-05-21,5.419,5.419,5.416,5.419,2132193
2021-05-24,5.419,5.419,5.417,5.419,177398
2021-05-25,5.417,5.42,5.417,5.42,740451
2021-05-26,5.42,5.421,5.416,5.419,821711
2021-05-27,5.42,5.421,5.418,5.4195,791852
2021-05-28,5.42,5.421,5.418,5.421,2009615
2021-06-01,5.422,5.422,5.418,5.421,959252
2021-06-02,5.421,5.421,5.418,5.418,546503
2021-06-03,5.42,5.42,5.417,5.417,491986
2021-06-04,5.421,5.421,5.417,5.419,960104
2021-06-07,5.421,5.421,5.418,5.42,800997
2021-06-08,5.418,5.42,5.418,5.418,740061
2021-06-09,5.42,5.421,5.419,5.421,599748
2021-06-10,5.419,5.421,5.418,5.419,209556
2021-06-11,5.422,5.422,5.419,5.422,2831560
2021-06-14,5.424,5.424,5.418,5.42,1466303
2021-06-15,5.42,5.42,5.415,5.4175,4647631
2021-06-16,5.418,5.419,5.417,5.417,475719
2021-06-17,5.412,5.414,5.411,5.411,1118951
2021-06-18,5.411,5.413,5.404,5.406,696362
2021-06-21,5.409,5.409,5.405,5.407,469228
2021-06-22,5.41,5.411,5.408,5.411,1488293
2021-06-23,5.41,5.412,5.41,5.411,335640
2021-06-24,5.41,5.411,5.408,5.408,2262316
2021-06-25,5.409,5.41,5.408,5.41,698280
2021-06-28,5.41,5.411,5.408,5.411,2745788
2021-06-29,5.409,5.411,5.409,5.41,332320
2021-06-30,5.409,5.412,5.408,5.409,944235
2021-07-01,5.411,5.411,5.408,5.411,386339
2021-07-02,5.41,5.412,5.407,5.412,477132
2021-07-05,5.414,5.415,5.411,5.4125,171738
2021-07-06,5.414,5.415,5.412,5.414,1022985
2021-07-07,5.413,5.416,5.413,5.413,573354
2021-07-08,5.416,5.419,5.414,5.416,701958
2021-07-09,5.416,5.418,5.412,5.416,750498
2021-07-12,5.413,5.417,5.413,5.416,754137
2021-07-13,5.415,5.415,5.41,5.413,355844
2021-07-14,5.412,5.415,5.41,5.412,782966
2021-07-15,5.414,5.416,5.413,5.413,635690
2021-07-16,5.415,5.415,5.412,5.415,898259
2021-07-19,5.414,5.419,5.414,5.415,551316
2021-07-20,5.419,5.421,5.416,5.419,520476
2021-07-21,5.416,5.42,5.415,5.417,1062353
2021-07-22,5.416,5.42,5.415,5.419,1480043
2021-07-23,5.419,5.419,5.417,5.419,3118401
2021-07-26,5.419,5.42,5.417,5.417,325180
2021-07-27,5.419,5.421,5.418,5.42,6502911
2021-07-28,5.42,5.42,5.418,5.42,379172
2021-07-29,5.419,5.42,5.417,5.419,366426
2021-07-30,5.418,5.421,5.418,5.42,310954
2021-08-02,5.42,5.423,5.42,5.423,983886
2021-08-03,5.421,5.424,5.421,5.423,405046
2021-08-04,5.423,5.425,5.419,5.42,1433024
2021-08-05,5.419,5.422,5.417,5.417,1088664
2021-08-06,5.417,5.418,5.415,5.417,956770
2021-08-09,5.42,5.42,5.415,5.415,384669
2021-08-10,5.411,5.416,5.411,5.4145,402442
2021-08-11,5.414,5.416,5.412,5.416,449726
2021-08-12,5.415,5.418,5.414,5.416,552801
2021-08-13,5.416,5.417,5.414,5.417,1352836
2021-08-16,5.416,5.419,5.416,5.418,478030
2021-08-17,5.417,5.419,5.416,5.418,1437133
2021-08-18,5.415,5.418,5.415,5.418,383211
2021-08-19,5.419,5.421,5.416,5.416,2525355
2021-08-20,5.418,5.418,5.416,5.417,3824468
2021-08-23,5.414,5.417,5.414,5.415,1139641
2021-08-24,5.416,5.416,5.414,5.415,1187058
2021-08-25,5.414,5.417,5.414,5.415,942495
2021-08-26,5.415,5.417,5.414,5.415,609872
2021-08-27,5.414,5.419,5.414,5.4175,760035
2021-08-31,5.418,5.42,5.418,5.42,508406
2021-09-01,5.423,5.423,5.418,5.419,186057
2021-09-02,5.42,5.421,5.418,5.42,1348795
2021-09-03,5.42,5.42,5.418,5.4195,553758
2021-09-06,5.42,5.421,5.419,5.42,282191
2021-09-07,5.418,5.42,5.417,5.417,1779764
2021-09-08,5.42,5.42,5.417,5.417,1119945
2021-09-09,5.419,5.42,5.417,5.418,3301594
2021-09-10,5.42,5.42,5.417,5.419,369393
2021-09-13,5.419,5.419,5.415,5.4185,1237413
2021-09-14,5.42,5.421,5.417,5.42,494721
2021-09-15,5.42,5.42,5.418,5.42,626529
2021-09-16,5.418,5.42,5.416,5.419,575890
2021-09-17,5.418,5.419,5.416,5.416,1067143
2021-09-20,5.418,5.419,5.417,5.417,345841
2021-09-21,5.417,5.42,5.417,5.42,298101
2021-09-22,5.419,5.419,5.417,5.419,831794
2021-09-23,5.414,5.416,5.413,5.415,940184
2021-09-24,5.414,5.415,5.412,5.414,1440221
2021-09-27,5.417,5.417,5.409,5.412,288583
2021-09-28,5.414,5.414,5.409,5.41,237255
2021-09-29,5.412,5.414,5.411,5.412,515080
2021-09-30,5.414,5.414,5.412,5.412,549075
2021-10-01,5.413,5.417,5.413,5.415,543434
2021-10-04,5.416,5.417,5.414,5.416,470347
2021-10-05,5.413,5.416,5.412,5.412,288538
2021-10-06,5.412,5.414,5.412,5.412,1601024
2021-10-07,5.411,5.413,5.411,5.412,464595
2021-10-08,5.411,5.413,5.408,5.41,367449
2021-10-11,5.406,5.408,5.406,5.406,308351
2021-10-12,5.406,5.409,5.406,5.406,398126
2021-10-13,5.406,5.408,5.402,5.404,3298162
2021-10-14,5.405,5.408,5.405,5.405,1246381
2021-10-15,5.407,5.411,5.403,5.403,228847
2021-10-18,5.401,5.401,5.397,5.4,1643456
2021-10-19,5.403,5.403,5.4,5.402,1188413
2021-10-20,5.4,5.404,5.4,5.401,1728126
2021-10-21,5.402,5.406,5.397,5.399,2383433
2021-10-22,5.396,5.396,5.391,5.392,969831
2021-10-25,5.396,5.399,5.394,5.399,191112
2021-10-26,5.396,5.399,5.392,5.395,831112
2021-10-27,5.394,5.397,5.392,5.395,496980
2021-10-28,5.394,5.398,5.389,5.397,310333
2021-10-29,5.398,5.398,5.39,5.392,690543
2021-11-01,5.393,5.395,5.391,5.395,144424
2021-11-02,5.399,5.4,5.396,5.4,290650
2021-11-03,5.403,5.403,5.394,5.3955,506842
2021-11-04,5.396,5.405,5.396,5.403,381012
2021-11-05,5.4,5.406,5.399,5.406,326510
2021-11-08,5.404,5.405,5.401,5.401,525175
2021-11-09,5.4,5.404,5.4,5.403,508365
2021-11-10,5.4,5.4,5.393,5.393,451435
2021-11-11,5.391,5.393,5.389,5.39,531506
2021-11-12,5.392,5.395,5.385,5.393,387244
2021-11-15,5.395,5.395,5.39,5.394,382277
2021-11-16,5.392,5.393,5.389,5.391,2197250
2021-11-17,5.394,5.394,5.391,5.394,2036220
2021-11-18,5.396,5.396,5.393,5.395,405070
2021-11-19,5.392,5.401,5.392,5.399,2134401
2021-11-22,5.392,5.393,5.386,5.386,1048423
2021-11-23,5.386,5.389,5.384,5.387,940222
2021-11-24,5.388,5.391,5.383,5.384,352772
2021-11-25,5.385,5.386,5.383,5.385,315774
2021-11-26,5.394,5.399,5.394,5.397,998843
2021-11-29,5.389,5.399,5.389,5.398,776443
2021-11-30,5.4,5.404,5.39,5.391,416383
2021-12-01,5.39,5.394,5.387,5.388,813221
2021-12-02,5.388,5.391,5.387,5.388,396882
2021-12-03,5.385,5.389,5.384,5.386,572417
2021-12-06,5.386,5.39,5.386,5.386,338367
2021-12-07,5.369,5.384,5.369,5.381,922906
2021-12-08,5.382,5.383,5.378,5.378,629797
2021-12-09,5.382,5.383,5.38,5.382,204956
2021-12-10,5.377,5.386,5.376,5.385,1360176
2021-12-13,5.383,5.385,5.381,5.385,274498
2021-12-14,5.385,5.385,5.382,5.383,4901209
2021-12-15,5.382,5.384,5.38,5.383,2644358
2021-12-16,5.384,5.389,5.381,5.389,1451548
2021-12-17,5.388,5.391,5.386,5.387,550939
2021-12-20,5.391,5.392,5.388,5.391,769257
2021-12-21,5.386,5.389,5.383,5.385,1675387
2021-12-22,5.385,5.385,5.382,5.383,339793
2021-12-23,5.377,5.384,5.377,5.383,1683546
2021-12-24,5.377,5.392,5.367,5.375,171885
2021-12-27,5.37705,5.392,5.367,5.37705,191890
2021-12-28,5.38235,5.392,5.367,5.38235,220736
2021-12-29,5.38,5.384,5.379,5.382,1037686
2021-12-30,5.384,5.384,5.38,5.384,357595
2021-12-31,5.387,5.387,5.379,5.384,27565
2022-01-03,5.376,5.387,5.376,5.376,100000
2022-01-04,5.382,5.382,5.376,5.378,1643176
2022-01-05,5.38,5.381,5.374,5.374,729420
2022-01-06,5.37,5.371,5.367,5.367,504438
2022-01-07,5.369,5.378,5.364,5.367,457842
2022-01-10,5.366,5.368,5.364,5.365,376564
2022-01-11,5.363,5.366,5.36,5.365,411934
2022-01-12,5.363,5.367,5.363,5.366,420583
2022-01-13,5.365,5.367,5.363,5.366,897769
2022-01-14,5.369,5.369,5.361,5.361,453548
2022-01-17,5.359,5.359,5.354,5.355,118375
2022-01-18,5.355,5.356,5.352,5.352,397592
2022-01-19,5.349,5.357,5.349,5.356,995952
2022-01-20,5.353,5.355,5.352,5.353,735327
2022-01-21,5.355,5.36,5.354,5.357,1226497
2022-01-24,5.355,5.362,5.355,5.36,1955439
2022-01-25,5.359,5.363,5.358,5.359,3792732
2022-01-26,5.362,5.362,5.357,5.358,4013569
2022-01-27,5.347,5.347,5.339,5.346,11386192
2022-01-28,5.34,5.347,5.34,5.345,3272066
2022-01-31,5.344,5.345,5.341,5.342,1314349
2022-02-01,5.344,5.347,5.341,5.345,1410772
2022-02-02,5.342,5.349,5.342,5.348,759293
2022-02-03,5.348,5.349,5.339,5.339,643524
2022-02-04,5.341,5.343,5.329,5.33,8131597
2022-02-07,5.333,5.333,5.329,5.331,421420
2022-02-08,5.329,5.331,5.327,5.328,4236254
2022-02-09,5.331,5.331,5.326,5.329,6512675
2022-02-10,5.327,5.328,5.312,5.314,1746277
2022-02-11,5.306,5.311,5.303,5.303,2306375
2022-02-14,5.31,5.314,5.302,5.302,1104453
2022-02-15,5.308,5.308,5.303,5.307,290821
2022-02-16,5.308,5.309,5.305,5.308,1276478
2022-02-17,5.311,5.316,5.311,5.313,3087311
2022-02-18,5.315,5.319,5.314,5.318,848842
2022-02-21,5.318,5.321,5.315,5.318,705039
2022-02-22,5.32,5.32,5.311,5.312,1555218
2022-02-23,5.306,5.312,5.305,5.312,984593
2022-02-24,5.319,5.323,5.312,5.317,812899
2022-02-25,5.314,5.315,5.306,5.311,1340454
2022-02-28,5.318,5.325,5.317,5.322,905730
2022-03-01,5.32,5.338,5.32,5.3355,1522072
2022-03-02,5.348,5.348,5.32,5.321,975865
2022-03-03,5.319,5.322,5.314,5.32,331380
2022-03-04,5.321,5.327,5.317,5.324,828355
2022-03-07,5.326,5.326,5.314,5.318,523123
2022-03-08,5.315,5.316,5.307,5.309,924140
2022-03-09,5.31,5.311,5.302,5.306,850492
2022-03-10,5.303,5.308,5.297,5.298,260919
2022-03-11,5.301,5.303,5.297,5.2975,826567
2022-03-14,5.292,5.294,5.288,5.288,284463
2022-03-15,5.29,5.294,5.289,5.292,346685
2022-03-16,5.287,5.289,5.284,5.286,459153
2022-03-17,5.28,5.283,5.277,5.281,881016
2022-03-18,5.28,5.285,5.277,5.28,1536168
2022-03-21,5.278,5.278,5.268,5.268,300559
2022-03-22,5.26,5.26,5.253,5.255,407110
2022-03-23,5.259,5.262,5.256,5.259,465132
2022-03-24,5.261,5.261,5.255,5.26,643691
2022-03-25,5.257,5.261,5.243,5.244,343543
2022-03-28,5.238,5.245,5.234,5.238,1369653
2022-03-29,5.238,5.246,5.235,5.239,1589325
2022-03-30,5.244,5.249,5.242,5.247,1079891
2022-03-31,5.249,5.253,5.247,5.251,495799
2022-04-01,5.245,5.245,5.235,5.235,1405696
2022-04-04,5.235,5.241,5.234,5.239,1717483
2022-04-05,5.239,5.239,5.228,5.228,1079787
2022-04-06,5.228,5.233,5.224,5.233,2976654
2022-04-07,5.241,5.241,5.235,5.236,991631
2022-04-08,5.235,5.235,5.229,5.235,694552
2022-04-11,5.228,5.235,5.225,5.235,297760
2022-04-12,5.227,5.243,5.227,5.243,530612
2022-04-13,5.243,5.255,5.239,5.252,2056876
2022-04-14,5.253,5.255,5.238,5.2395,479842
2022-04-19,5.244,5.244,5.231,5.234,1447070
2022-04-20,5.227,5.232,5.226,5.23,328745
2022-04-21,5.228,5.229,5.218,5.2225,2764624
2022-04-22,5.221,5.221,5.212,5.217,2615476
2022-04-25,5.229,5.237,5.228,5.236,2207777
2022-04-26,5.226,5.239,5.226,5.234,2663733
2022-04-27,5.232,5.243,5.232,5.2375,2475912
2022-04-28,5.235,5.238,5.228,5.23,556059
2022-04-29,5.229,5.234,5.22,5.2245,1026956
2022-05-02,5.2231,5.234,5.22,5.2231,922315
2022-05-03,5.219,5.225,5.215,5.221,1021645
2022-05-04,5.217,5.219,5.211,5.215,287103
2022-05-05,5.223,5.229,5.222,5.225,462994
2022-05-06,5.226,5.231,5.219,5.227,1053510
2022-05-09,5.221,5.236,5.22,5.233,567523
2022-05-10,5.235,5.24,5.231,5.235,1774969
2022-05-11,5.234,5.244,5.223,5.228,660590
2022-05-12,5.235,5.243,5.235,5.24,1930107
2022-05-13,5.24,5.251,5.235,5.24,1109787
2022-05-16,5.242,5.244,5.238,5.243,2734739
2022-05-17,5.238,5.241,5.233,5.235,609097
2022-05-18,5.234,5.236,5.228,5.234,758873
2022-05-19,5.232,5.247,5.232,5.241,2039937
2022-05-20,5.243,5.245,5.24,5.2445,320438
2022-05-23,5.241,5.246,5.241,5.243,2064755
2022-05-24,5.242,5.257,5.242,5.257,650048
2022-05-25,5.255,5.261,5.254,5.259,2633136
2022-05-26,5.259,5.264,5.258,5.26,872594
2022-05-27,5.263,5.263,5.258,5.261,554053
2022-05-30,5.256,5.258,5.255,5.257,3403293
2022-05-31,5.253,5.256,5.251,5.254,3304190
2022-06-01,5.25,5.253,5.243,5.243,807891
2022-06-03,5.243,5.253,5.243,5.243,6940
2022-06-06,5.243,5.244,5.236,5.238,1325888
2022-06-07,5.237,5.241,5.235,5.238,483335
2022-06-08,5.233,5.238,5.233,5.236,324137
2022-06-09,5.234,5.235,5.226,5.2285,740929
2022-06-10,5.23,5.231,5.213,5.215,833626
2022-06-13,5.198,5.2,5.187,5.189,848034
2022-06-14,5.181,5.19,5.172,5.172,989953
2022-06-15,5.198,5.198,5.174,5.18,995763
2022-06-16,5.188,5.194,5.174,5.191,2693082
2022-06-17,5.194,5.204,5.191,5.194,2658638
2022-06-20,5.192,5.195,5.189,5.191,3986080
2022-06-21,5.193,5.196,5.191,5.194,431029
2022-06-22,5.199,5.208,5.197,5.2065,629017
2022-06-23,5.204,5.226,5.204,5.217,987507
2022-06-24,5.214,5.219,5.209,5.2135,1125817
2022-06-27,5.209,5.213,5.206,5.209,2045123
2022-06-28,5.207,5.207,5.202,5.2045,1722756
2022-06-29,5.211,5.212,5.204,5.21,343825
2022-06-30,5.215,5.222,5.215,5.2195,1123228
2022-07-01,5.226,5.245,5.224,5.236,1157706
2022-07-04,5.23,5.233,5.226,5.2285,525730
2022-07-05,5.229,5.241,5.229,5.241,799477
2022-07-06,5.238,5.243,5.226,5.2295,2091686
2022-07-07,5.221,5.222,5.216,5.2165,446439
2022-07-08,5.219,5.223,5.209,5.21,311999
2022-07-11,5.216,5.22,5.21,5.22,201077
2022-07-12,5.242,5.242,5.2,5.219,557331
2022-07-13,5.219,5.219,5.202,5.211,5552173
2022-07-14,5.203,5.208,5.198,5.2065,5672790
2022-07-15,5.214,5.221,5.208,5.216,1563722
2022-07-18,5.215,5.215,5.207,5.209,198815
2022-07-19,5.213,5.213,5.206,5.21,671586
2022-07-20,5.207,5.213,5.204,5.2055,809704
2022-07-21,5.205,5.215,5.201,5.21,4002381
2022-07-22,5.218,5.235,5.218,5.231,223103
2022-07-25,5.229,5.232,5.226,5.228,656017
2022-07-26,5.229,5.234,5.227,5.2295,1592115
2022-07-27,5.227,5.228,5.224,5.227,711052
2022-07-28,5.232,5.244,5.228,5.244,652586
2022-07-29,5.25,5.25,5.238,5.246,743373
2022-08-01,5.244,5.245,5.239,5.243,931175
2022-08-02,5.248,5.25,5.232,5.237,1808694
2022-08-03,5.231,5.231,5.216,5.2195,741616
2022-08-04,5.223,5.23,5.221,5.229,486140
2022-08-05,5.232,5.232,5.21,5.211,1138839
2022-08-08,5.214,5.218,5.213,5.215,713150
2022-08-09,5.217,5.217,5.21,5.211,729640
2022-08-10,5.214,5.231,5.21,5.223,669445
2022-08-11,5.222,5.225,5.2185,5.2185,267403
2022-08-12,5.216,5.237,5.208,5.217,574894
2022-08-15,5.217,5.222,5.214,5.22,379398
2022-08-16,5.221,5.222,5.216,5.2175,875205
2022-08-17,5.212,5.215,5.206,5.208,353006
2022-08-18,5.211,5.221,5.208,5.218,397416
2022-08-19,5.216,5.218,5.212,5.214,190425
2022-08-22,5.219,5.219,5.209,5.209,255941
2022-08-23,5.214,5.217,5.208,5.217,334827
2022-08-24,5.215,5.215,5.208,5.209,2298506
2022-08-25,5.207,5.212,5.207,5.209,936617
2022-08-26,5.212,5.212,5.203,5.209,578322
2022-08-30,5.205,5.208,5.199,5.202,1482132
2022-08-31,5.204,5.205,5.2,5.202,720932
2022-09-01,5.199,5.202,5.193,5.196,800012
2022-09-02,5.199,5.219,5.198,5.205,1381962
2022-09-05,5.206,5.207,5.203,5.205,1013839
2022-09-06,5.204,5.204,5.197,5.199,756987
2022-09-07,5.2,5.203,5.198,5.2,511034
2022-09-08,5.207,5.207,5.198,5.198,249646
2022-09-09,5.198,5.204,5.196,5.198,811212
2022-09-12,5.192,5.199,5.192,5.197,316982
2022-09-13,5.196,5.2,5.176,5.178,1147982
2022-09-14,5.178,5.178,5.17,5.176,1992547
2022-09-15,5.167,5.171,5.165,5.165,210883
2022-09-16,5.166,5.169,5.163,5.167,1656186
2022-09-20,5.161,5.163,5.158,5.158,14883060
2022-09-21,5.163,5.165,5.157,5.157,2232742
2022-09-22,5.15,5.152,5.143,5.144,3647193
2022-09-23,5.148,5.148,5.135,5.141,1738367
2022-09-26,5.125,5.139,5.125,5.1355,2037981
2022-09-27,5.132,5.139,5.127,5.129,1347958
2022-09-28,5.131,5.149,5.13,5.146,10738016
2022-09-29,5.144,5.144,5.137,5.139,740792
2022-09-30,5.15,5.15,5.142,5.145,1321588
2022-10-03,5.147,5.167,5.136,5.156,3831514
2022-10-04,5.16,5.175,5.151,5.152,6583553
2022-10-05,5.151,5.152,5.142,5.147,3339555
2022-10-06,5.142,5.15,5.142,5.146,39515023
2022-10-07,5.141,5.143,5.136,5.137,2089310
2022-10-10,5.138,5.141,5.132,5.1325,253373
2022-10-11,5.13,5.141,5.13,5.141,1840652
2022-10-12,5.139,5.14,5.135,5.138,230151
2022-10-13,5.139,5.144,5.118,5.127,1066602
2022-10-14,5.132,5.134,5.121,5.121,2218135
2022-10-17,5.126,5.133,5.126,5.129,407816
2022-10-18,5.125,5.136,5.125,5.128,1467271
2022-10-19,5.129,5.129,5.122,5.125,441554
2022-10-20,5.125,5.125,5.116,5.121,955713
2022-10-21,5.118,5.127,5.116,5.126,860346
2022-10-24,5.13,5.135,5.125,5.127,630172
2022-10-25,5.13,5.138,5.13,5.137,1526295
2022-10-26,5.135,5.14,5.134,5.14,1025727
2022-10-27,5.137,5.149,5.135,5.146,1345576
2022-10-28,5.15,5.15,5.142,5.144,909435
2022-10-31,5.14,5.14,5.133,5.136,2498282
2022-11-01,5.134,5.144,5.131,5.137,2694577
2022-11-02,5.14,5.14,5.129,5.133,7399219
2022-11-03,5.126,5.126,5.111,5.114,683328
2022-11-04,5.122,5.125,5.11,5.121,753723
2022-11-07,5.124,5.124,5.117,5.118,962733
2022-11-08,5.118,5.126,5.117,5.124,897834
2022-11-09,5.127,5.129,5.12,5.1275,1021234
2022-11-10,5.131,5.161,5.13,5.157,2091901
2022-11-11,5.156,5.158,5.15,5.1525,1722776
2022-11-14,5.152,5.156,5.151,5.153,829941
2022-11-15,5.158,5.162,5.155,5.1565,703004
2022-11-16,5.156,5.164,5.155,5.157,595921
2022-11-17,5.16,5.163,5.151,5.152,7047707
2022-11-18,5.157,5.157,5.15,5.153,1583507
2022-11-21,5.15,5.153,5.145,5.148,1237550
2022-11-22,5.146,5.152,5.146,5.1485,2410936
2022-11-23,5.146,5.158,5.145,5.151,1004345
2022-11-24,5.157,5.162,5.157,5.157,222119
2022-11-25,5.16,5.16,5.151,5.156,736375
2022-11-28,5.162,5.162,5.155,5.157,2272228
2022-11-29,5.161,5.165,5.154,5.1575,424003
2022-11-30,5.158,5.159,5.148,5.1515,1786569
2022-12-01,5.168,5.176,5.168,5.171,1797757
2022-12-02,5.18,5.186,5.164,5.173,658241
2022-12-05,5.168,5.177,5.168,5.169,569348
2022-12-06,5.169,5.172,5.166,5.1685,1185060
2022-12-07,5.174,5.179,5.171,5.1765,203548
2022-12-08,5.18,5.181,5.176,5.178,978512
2022-12-09,5.178,5.184,5.173,5.1775,1119776
2022-12-12,5.179,5.179,5.174,5.174,10733507
2022-12-13,5.176,5.195,5.171,5.19,2338715
2022-12-14,5.192,5.195,5.189,5.193,620346
2022-12-15,5.191,5.193,5.183,5.185,7611575
2022-12-16,5.188,5.19,5.182,5.19,2098919
2022-12-19,5.192,5.196,5.187,5.1875,929094
2022-12-20,5.187,5.187,5.181,5.187,3391197
2022-12-21,5.189,5.193,5.187,5.1905,4603974
2022-12-22,5.196,5.196,5.187,5.193,2274296
2022-12-23,5.193,5.194,5.186,5.188,2515939
2022-12-28,5.183,5.184,5.178,5.179,1722130
2022-12-29,5.182,5.185,5.178,5.18,1427626
2022-12-30,5.186,5.186,5.179,5.182,207602
