"Date","Price","Open","High","Low","Vol.","Change %"
"12/30/2022","3.8145","3.8310","3.8520","3.7995","3.71K","-0.34%"
"12/29/2022","3.8275","3.8400","3.8555","3.8150","3.88K","-0.48%"
"12/28/2022","3.8460","3.8595","3.8595","3.8320","0.03K","0.08%"
"12/27/2022","3.8430","3.8565","3.8565","3.8440","0.01K","-0.38%"
"12/26/2022","3.8575","3.8125","3.8675","3.8125","","1.22%"
"12/23/2022","3.8110","3.8005","3.8140","3.7705","0.02K","1.36%"
"12/22/2022","3.7600","3.8145","3.8145","3.7575","0.03K","-1.38%"
"12/21/2022","3.8125","3.8085","3.8200","3.8085","0.03K","0.25%"
"12/20/2022","3.8030","3.7295","3.8090","3.7295","0.19K","0.42%"
"12/19/2022","3.7870","3.7880","3.7885","3.7875","0.00K","0.54%"
"12/16/2022","3.7665","3.7835","3.7840","3.7645","0.02K","-0.04%"
"12/15/2022","3.7680","3.7685","3.7695","3.7685","0.23K","-2.90%"
"12/14/2022","3.8805","3.8485","3.8885","3.8485","0.10K","0.92%"
"12/13/2022","3.8450","3.8930","3.8930","3.8450","0.17K","1.06%"
"12/12/2022","3.8045","3.8100","3.8100","3.8040","0.03K","-1.96%"
"12/09/2022","3.8805","3.8610","3.8820","3.8610","0.01K","-0.10%"
"12/08/2022","3.8845","3.9055","3.9055","3.8830","0.08K","0.56%"
"12/07/2022","3.8630","3.8225","3.8635","3.8225","0.01K","1.10%"
"12/06/2022","3.8210","3.8470","3.8470","3.8205","0.07K","0.62%"
"12/05/2022","3.7975","3.8190","3.8190","3.7825","0.03K","-1.38%"
"12/02/2022","3.8505","3.8520","3.8520","3.8500","0.03K","0.84%"
"12/01/2022","3.8185","3.8045","3.8200","3.7995","0.04K","2.15%"
"11/30/2022","3.7380","3.7195","3.7380","3.7195","0.06K","2.69%"
"11/29/2022","3.6400","3.6530","3.6555","3.6400","0.07K","0.68%"
"11/28/2022","3.6155","3.6000","3.6260","3.5470","54.91K","-0.41%"
"11/25/2022","3.6305","3.6435","3.6935","3.6140","38.70K","-0.25%"
"11/24/2022","3.6395","3.6472","3.6710","3.6240","","0.58%"
"11/23/2022","3.6185","3.6230","3.6585","3.5965","31.10K","0.11%"
"11/22/2022","3.6145","3.5835","3.6695","3.5820","35.61K","1.08%"
"11/21/2022","3.5760","3.6500","3.6550","3.5560","32.41K","-1.80%"
"11/18/2022","3.6415","3.6920","3.7150","3.6370","28.32K","-1.42%"
"11/17/2022","3.6940","3.7570","3.7765","3.6730","24.88K","-2.11%"
"11/16/2022","3.7735","3.8110","3.8210","3.7495","27.93K","-1.20%"
"11/15/2022","3.8195","3.8325","3.8820","3.7945","39.81K","-0.21%"
"11/14/2022","3.8275","3.9225","3.9470","3.8055","38.11K","-1.88%"
"11/11/2022","3.9010","3.7650","3.9320","3.7535","47.70K","4.04%"
"11/10/2022","3.7495","3.6680","3.7795","3.6225","36.79K","1.58%"
"11/09/2022","3.6910","3.6605","3.7330","3.6215","42.77K","0.41%"
"11/08/2022","3.6760","3.5975","3.6910","3.5625","38.61K","2.10%"
"11/07/2022","3.6005","3.6350","3.6500","3.5740","32.98K","-1.99%"
"11/04/2022","3.6735","3.4135","3.6950","3.4090","45.21K","7.52%"
"11/03/2022","3.4165","3.4230","3.4505","3.3675","29.77K","-1.10%"
"11/02/2022","3.4545","3.4480","3.5015","3.4200","20.27K","-0.07%"
"11/01/2022","3.4570","3.3620","3.4835","3.3610","14.76K","2.96%"
"10/31/2022","3.3575","3.4090","3.4280","3.3480","15.27K","-1.64%"
"10/28/2022","3.4135","3.5125","3.5125","3.4030","15.71K","-2.79%"
"10/27/2022","3.5115","3.5130","3.5130","3.5110","0.44K","-0.64%"
"10/26/2022","3.5340","3.5335","3.5390","3.5255","0.09K","4.20%"
"10/25/2022","3.3915","3.3970","3.3970","3.3915","0.12K","-0.93%"
"10/24/2022","3.4235","3.4225","3.4275","3.4220","0.11K","-1.18%"
"10/21/2022","3.4645","3.4405","3.4645","3.4405","0.13K","1.67%"
"10/20/2022","3.4075","3.4085","3.4085","3.4070","0.16K","2.64%"
"10/19/2022","3.3200","3.3195","3.3195","3.3195","0.08K","-1.16%"
"10/18/2022","3.3590","3.3660","3.3660","3.3570","0.03K","-1.51%"
"10/17/2022","3.4105","3.4385","3.4385","3.4105","0.04K","-0.18%"
"10/14/2022","3.4165","3.4425","3.4425","3.4105","0.08K","-0.50%"
"10/13/2022","3.4335","3.3780","3.4355","3.3780","0.02K","0.44%"
"10/12/2022","3.4185","3.4190","3.4195","3.4190","0.01K","-1.07%"
"10/11/2022","3.4555","3.4210","3.4560","3.4210","0.00K","0.96%"
"10/10/2022","3.4225","3.4225","3.4230","3.4205","0.02K","1.30%"
"10/07/2022","3.3785","3.3770","3.3790","3.3770","0.01K","-1.73%"
"10/06/2022","3.4380","3.4415","3.4425","3.4380","0.07K","-1.55%"
"10/05/2022","3.4920","3.4925","3.5360","3.4910","0.06K","0.33%"
"10/04/2022","3.4805","3.4830","3.4830","3.4825","0.06K","2.35%"
"10/03/2022","3.4005","3.4010","3.4035","3.4010","0.02K","-0.06%"
"09/30/2022","3.4025","3.3935","3.3950","3.3935","0.08K","-0.32%"
"09/29/2022","3.4135","3.4005","3.4240","3.3945","0.03K","1.65%"
"09/28/2022","3.3580","3.2500","3.3875","3.2500","0.10K","2.25%"
"09/27/2022","3.2840","3.3220","3.3220","3.2835","0.04K","-0.29%"
"09/26/2022","3.2935","3.3310","3.3310","3.2835","0.05K","-1.47%"
"09/23/2022","3.3425","3.4645","3.4645","3.3300","0.04K","-3.66%"
"09/22/2022","3.4695","3.4255","3.4930","3.4255","0.03K","0.12%"
"09/21/2022","3.4655","3.4650","3.4665","3.4265","0.01K","-1.06%"
"09/20/2022","3.5025","3.5005","3.5035","3.5005","0.06K","-0.26%"
"09/19/2022","3.5115","3.5000","3.5245","3.4980","0.06K","-0.10%"
"09/16/2022","3.5150","3.5160","3.5380","3.5125","0.02K","0.76%"
"09/15/2022","3.4885","3.4900","3.5070","3.4875","0.05K","-0.88%"
"09/14/2022","3.5195","3.5210","3.5240","3.5180","0.03K","-1.00%"
"09/13/2022","3.5550","3.6300","3.6800","3.5305","0.12K","-1.50%"
"09/12/2022","3.6090","3.5765","3.6100","3.5765","0.02K","1.18%"
"09/09/2022","3.5670","3.5550","3.6005","3.5415","0.04K","1.15%"
"09/08/2022","3.5265","3.5105","3.5275","3.4920","0.01K","2.81%"
"09/07/2022","3.4300","3.4170","3.4365","3.4170","0.00K","-0.91%"
"09/06/2022","3.4615","3.4640","3.4640","3.4585","0.03K","0.23%"
"09/05/2022","3.4535","3.3887","3.4660","3.3857","","1.91%"
"09/04/2022","3.3887","3.3950","3.4000","3.3613","","-0.65%"
"09/02/2022","3.4110","3.4010","3.4140","3.4000","0.04K","0.15%"
"09/01/2022","3.4060","3.4600","3.4600","3.4060","0.05K","-3.17%"
"08/31/2022","3.5175","3.4900","3.5185","3.4900","0.05K","-1.03%"
"08/30/2022","3.5540","3.5575","3.5575","3.5550","0.04K","-1.56%"
"08/29/2022","3.6105","3.7000","3.7010","3.5630","49.62K","-2.34%"
"08/26/2022","3.6970","3.6995","3.7835","3.6810","51.71K","-0.03%"
"08/25/2022","3.6980","3.6420","3.7080","3.6365","34.06K","1.37%"
"08/24/2022","3.6480","3.6825","3.6945","3.6250","35.57K","-1.18%"
"08/23/2022","3.6915","3.6530","3.7245","3.6270","45.79K","1.04%"
"08/22/2022","3.6535","3.6730","3.6945","3.6080","32.79K","-0.48%"
"08/19/2022","3.6710","3.6450","3.6835","3.6125","28.41K","0.96%"
"08/18/2022","3.6360","3.5965","3.6705","3.5510","28.38K","1.28%"
"08/17/2022","3.5900","3.6285","3.6550","3.5730","19.20K","-1.12%"
"08/16/2022","3.6305","3.6090","3.6505","3.5920","21.57K","0.11%"
"08/15/2022","3.6265","3.6865","3.6900","3.5580","22.56K","-1.43%"
"08/12/2022","3.6790","3.7050","3.7230","3.6545","18.31K","-1.01%"
"08/11/2022","3.7165","3.6475","3.7185","3.6450","27.85K","1.53%"
"08/10/2022","3.6605","3.5990","3.6685","3.5645","25.16K","1.72%"
"08/09/2022","3.5985","3.5980","3.6410","3.5735","19.39K","0.00%"
"08/08/2022","3.5985","3.5595","3.6330","3.5450","24.32K","0.94%"
"08/05/2022","3.5650","3.4850","3.5985","3.4850","22.94K","2.05%"
"08/04/2022","3.4935","3.4870","3.5315","3.4280","15.24K","0.49%"
"08/03/2022","3.4765","3.4820","3.5360","3.4570","14.06K","-1.42%"
"08/02/2022","3.5265","3.5415","3.5640","3.4575","13.66K","-0.69%"
"08/01/2022","3.5510","3.5865","3.6000","3.5225","15.38K","-0.82%"
"07/29/2022","3.5805","3.5060","3.6000","3.4755","16.57K","2.67%"
"07/28/2022","3.4875","3.4830","3.5350","3.4645","10.84K","1.40%"
"07/27/2022","3.4395","3.4435","3.4845","3.4405","0.03K","1.30%"
"07/26/2022","3.3955","3.4255","3.4255","3.3965","0.03K","0.89%"
"07/25/2022","3.3655","3.3725","3.3740","3.3665","0.03K","0.27%"
"07/22/2022","3.3565","3.3740","3.4000","3.3550","0.02K","1.54%"
"07/21/2022","3.3055","3.2890","3.3065","3.2785","0.05K","-0.83%"
"07/20/2022","3.3330","3.3395","3.3765","3.3200","0.06K","1.08%"
"07/19/2022","3.2975","3.3195","3.3330","3.2975","0.10K","-1.67%"
"07/18/2022","3.3535","3.3560","3.3560","3.3530","0.03K","3.57%"
"07/15/2022","3.2380","3.1425","3.2385","3.1400","0.02K","0.76%"
"07/14/2022","3.2135","3.2065","3.2250","3.1830","0.04K","-3.34%"
"07/13/2022","3.3245","3.3000","3.3315","3.2420","0.03K","1.06%"
"07/12/2022","3.2895","3.3485","3.3485","3.2675","0.03K","-4.18%"
"07/11/2022","3.4330","3.4835","3.4885","3.4010","0.09K","-2.68%"
"07/08/2022","3.5275","3.5570","3.5570","3.5035","0.08K","-1.38%"
"07/07/2022","3.5770","3.5000","3.5795","3.4985","0.05K","4.73%"
"07/06/2022","3.4155","3.4025","3.4165","3.3135","0.10K","-0.29%"
"07/05/2022","3.4255","3.5700","3.5700","3.4255","0.12K","-4.42%"
"07/04/2022","3.5840","3.6117","3.6172","3.5457","","-0.76%"
"07/03/2022","3.6115","3.6120","3.6235","3.6080","","-0.08%"
"07/01/2022","3.6145","3.6900","3.7085","3.5765","0.10K","-2.85%"
"06/30/2022","3.7205","3.7365","3.7365","3.6965","0.09K","-1.87%"
"06/29/2022","3.7915","3.7540","3.8165","3.7540","0.04K","0.18%"
"06/28/2022","3.7845","3.8160","3.8370","3.7615","0.05K","0.37%"
"06/27/2022","3.7705","3.8100","3.8100","3.7640","0.07K","0.53%"
"06/24/2022","3.7505","3.7665","3.7840","3.6505","0.06K","-0.05%"
"06/23/2022","3.7525","3.9315","3.9370","3.7475","0.10K","-5.11%"
"06/22/2022","3.9545","4.0370","4.0370","3.9100","0.13K","-2.41%"
"06/21/2022","4.0520","4.0420","4.0940","3.9900","0.53K","1.02%"
"06/20/2022","4.0110","4.0385","4.0385","3.9460","","-0.66%"
"06/19/2022","4.0375","4.0228","4.0400","4.0180","","0.07%"
"06/17/2022","4.0345","4.0700","4.0760","4.0310","0.09K","-2.36%"
"06/16/2022","4.1320","4.2400","4.2400","4.0825","0.08K","-1.33%"
"06/15/2022","4.1875","4.1905","4.1930","4.1785","0.01K","0.16%"
"06/14/2022","4.1810","4.2645","4.2645","4.1800","0.03K","-1.21%"
"06/13/2022","4.2320","4.2005","4.2350","4.2005","0.03K","-1.93%"
"06/10/2022","4.3155","4.3805","4.3815","4.2975","0.08K","-1.82%"
"06/09/2022","4.3955","4.4445","4.4445","4.3790","0.02K","-1.51%"
"06/08/2022","4.4630","4.4210","4.4660","4.4210","0.06K","0.25%"
"06/07/2022","4.4520","4.3960","4.4535","4.3960","0.01K","0.02%"
"06/06/2022","4.4510","4.4435","4.4535","4.4435","0.04K","-0.86%"
"06/03/2022","4.4895","4.5595","4.5595","4.4810","0.05K","-1.64%"
"06/02/2022","4.5645","4.4570","4.5725","4.4570","0.07K","5.18%"
"06/01/2022","4.3395","4.3565","4.3565","4.3305","0.05K","0.75%"
"05/31/2022","4.3070","4.3085","4.3085","4.3085","0.05K","-0.62%"
"05/30/2022","4.3340","4.3225","4.3595","4.3098","","0.25%"
"05/29/2022","4.3232","4.3215","4.3260","4.3170","","0.11%"
"05/27/2022","4.3185","4.2925","4.3100","4.2925","0.02K","1.22%"
"05/26/2022","4.2665","4.2770","4.2840","4.2120","8.34K","0.12%"
"05/25/2022","4.2615","4.3255","4.3270","4.2295","8.13K","-1.13%"
"05/24/2022","4.3100","4.3290","4.3435","4.2635","10.25K","-0.87%"
"05/23/2022","4.3480","4.3085","4.3565","4.2770","9.87K","1.62%"
"05/20/2022","4.2785","4.2775","4.3265","4.2515","5.12K","-0.13%"
"05/19/2022","4.2840","4.1575","4.2980","4.1500","8.25K","2.49%"
"05/18/2022","4.1800","4.2335","4.2500","4.1340","4.91K","-1.44%"
"05/17/2022","4.2410","4.2080","4.2825","4.2075","5.80K","1.13%"
"05/16/2022","4.1935","4.1815","4.2210","4.1385","6.29K","0.37%"
"05/13/2022","4.1780","4.0900","4.1865","4.0620","6.91K","1.75%"
"05/12/2022","4.1060","4.2170","4.2225","4.0440","9.95K","-2.56%"
"05/11/2022","4.2140","4.1720","4.2550","4.1575","8.00K","1.21%"
"05/10/2022","4.1635","4.2050","4.2635","4.1390","8.33K","-0.90%"
"05/09/2022","4.2015","4.2505","4.2505","4.1335","8.59K","-1.71%"
"05/06/2022","4.2745","4.2950","4.3240","4.2400","8.69K","-0.49%"
"05/05/2022","4.2955","4.3710","4.4400","4.2810","6.73K","-1.04%"
"05/04/2022","4.3405","4.3030","4.3825","4.2565","8.23K","1.25%"
"05/03/2022","4.2870","4.2915","4.3620","4.2690","9.11K","0.37%"
"05/02/2022","4.2710","4.3915","4.4015","4.2085","6.44K","-3.23%"
"04/29/2022","4.4135","4.4470","4.5180","4.3750","5.64K","-0.65%"
"04/28/2022","4.4425","4.4770","4.5040","4.3970","3.57K","-0.83%"
"04/27/2022","4.4795","4.4695","4.4815","4.4695","0.08K","0.22%"
"04/26/2022","4.4695","4.5105","4.5105","4.4500","0.02K","-0.17%"
"04/25/2022","4.4770","4.6205","4.6205","4.4430","0.47K","-2.85%"
"04/22/2022","4.6085","4.7020","4.7310","4.6060","0.03K","-2.54%"
"04/21/2022","4.7285","4.6960","4.7305","4.6960","0.05K","1.01%"
"04/20/2022","4.6810","4.7285","4.7285","4.6795","0.02K","-1.30%"
"04/19/2022","4.7425","4.8085","4.8130","4.7270","0.02K","-1.67%"
"04/18/2022","4.8230","4.7855","4.8375","4.7800","0.04K","2.17%"
"04/15/2022","4.7205","4.7205","4.7205","4.7205","","-0.43%"
"04/14/2022","4.7410","4.7265","4.7420","4.7040","0.02K","0.19%"
"04/13/2022","4.7320","4.7660","4.7660","4.7175","0.09K","0.04%"
"04/12/2022","4.7300","4.6875","4.7325","4.6835","0.02K","1.68%"
"04/11/2022","4.6520","4.6800","4.6800","4.6475","0.08K","-1.82%"
"04/08/2022","4.7380","4.7310","4.7425","4.7255","0.03K","0.63%"
"04/07/2022","4.7085","4.7250","4.7300","4.7070","0.07K","-0.75%"
"04/06/2022","4.7440","4.7630","4.7645","4.7430","0.01K","-1.15%"
"04/05/2022","4.7990","4.8150","4.8165","4.7685","0.06K","0.35%"
"04/04/2022","4.7825","4.7110","4.7835","4.6980","0.07K","1.95%"
"04/01/2022","4.6910","4.7080","4.7080","4.6930","0.01K","-1.27%"
"03/31/2022","4.7515","4.7385","4.7460","4.7385","0.03K","-0.02%"
"03/30/2022","4.7525","4.7610","4.7610","4.7420","0.01K","0.41%"
"03/29/2022","4.7330","4.7235","4.7590","4.7005","7.01K","0.10%"
"03/28/2022","4.7285","4.6910","4.7425","4.6445","7.44K","0.61%"
"03/25/2022","4.7000","4.7300","4.7700","4.6870","5.15K","-0.91%"
"03/24/2022","4.7430","4.7730","4.8130","4.7095","7.50K","-0.66%"
"03/23/2022","4.7745","4.7085","4.7830","4.6905","6.64K","1.59%"
"03/22/2022","4.7000","4.7025","4.7650","4.6800","5.71K","-0.21%"
"03/21/2022","4.7100","4.7170","4.7260","4.6545","4.28K","-0.50%"
"03/18/2022","4.7335","4.6955","4.7530","4.6700","6.43K","0.81%"
"03/17/2022","4.6955","4.6135","4.7110","4.6070","5.83K","2.12%"
"03/16/2022","4.5980","4.5015","4.6365","4.5010","3.97K","1.88%"
"03/15/2022","4.5130","4.5105","4.5415","4.4710","9.07K","-0.19%"
"03/14/2022","4.5215","4.5905","4.6035","4.4950","9.68K","-2.11%"
"03/11/2022","4.6190","4.6270","4.7050","4.5890","5.27K","-0.52%"
"03/10/2022","4.6430","4.5850","4.6655","4.5660","6.51K","1.73%"
"03/09/2022","4.5640","4.7015","4.7790","4.5450","9.10K","-2.91%"
"03/08/2022","4.7010","4.7285","4.9425","4.5925","11.62K","-0.38%"
"03/07/2022","4.7190","4.8965","5.0100","4.6600","15.75K","-3.94%"
"03/04/2022","4.9125","4.7705","4.9220","4.7375","15.91K","3.02%"
"03/03/2022","4.7685","4.6645","4.7810","4.6550","14.23K","2.31%"
"03/02/2022","4.6610","4.5690","4.6975","4.5500","8.65K","1.45%"
"03/01/2022","4.5945","4.5010","4.6000","4.4900","8.38K","3.15%"
"02/28/2022","4.4540","4.4800","4.5300","4.4505","9.93K","-0.66%"
"02/25/2022","4.4835","4.5050","4.5250","4.4535","8.58K","0.53%"
"02/24/2022","4.4600","4.4765","4.5890","4.4500","0.24K","-0.60%"
"02/23/2022","4.4870","4.5280","4.5420","4.4575","0.24K","-0.63%"
"02/22/2022","4.5155","4.5400","4.5400","4.4770","0.21K","0.78%"
"02/21/2022","4.4805","4.5205","4.5440","4.4675","","-0.88%"
"02/20/2022","4.5205","4.5165","4.5217","4.5060","","-0.10%"
"02/18/2022","4.5250","4.5080","4.5610","4.5080","0.02K","-0.04%"
"02/17/2022","4.5270","4.5440","4.5440","4.5000","0.09K","-0.29%"
"02/16/2022","4.5400","4.5760","4.5760","4.5310","0.06K","0.11%"
"02/15/2022","4.5350","4.4935","4.5410","4.4905","0.08K","0.63%"
"02/14/2022","4.5065","4.4795","4.5080","4.4630","0.06K","-0.06%"
"02/11/2022","4.5090","4.5705","4.5705","4.4770","0.08K","-3.05%"
"02/10/2022","4.6510","4.5780","4.6790","4.5780","0.06K","1.23%"
"02/09/2022","4.5945","4.5000","4.6265","4.5000","0.12K","2.95%"
"02/08/2022","4.4630","4.4245","4.4700","4.4220","0.05K","-0.10%"
"02/07/2022","4.4675","4.4830","4.4830","4.4580","0.05K","-0.43%"
"02/04/2022","4.4870","4.4645","4.5080","4.4380","0.07K","0.41%"
"02/03/2022","4.4685","4.4650","4.4785","4.4605","0.04K","-0.49%"
"02/02/2022","4.4905","4.4505","4.4840","4.4460","0.02K","1.38%"
"02/01/2022","4.4295","4.4300","4.4305","4.4295","0.01K","2.43%"
"01/31/2022","4.3245","4.3355","4.3360","4.2905","0.28K","0.30%"
"01/28/2022","4.3115","4.3720","4.3720","4.3100","0.06K","-2.58%"
"01/27/2022","4.4255","4.4590","4.4915","4.4025","8.34K","-2.07%"
"01/26/2022","4.5190","4.4585","4.5325","4.4230","9.25K","1.48%"
"01/25/2022","4.4530","4.4560","4.4790","4.3900","7.11K","0.82%"
"01/24/2022","4.4170","4.5235","4.5395","4.3905","10.39K","-2.39%"
"01/21/2022","4.5250","4.5290","4.5775","4.4830","8.79K","-1.25%"
"01/20/2022","4.5825","4.4510","4.5840","4.4465","14.86K","2.44%"
"01/19/2022","4.4735","4.4030","4.4895","4.3950","11.07K","2.02%"
"01/18/2022","4.3850","4.4375","4.4490","4.3780","11.42K","-1.09%"
"01/17/2022","4.4335","4.4443","4.4455","4.3827","","-0.23%"
"01/16/2022","4.4435","4.4280","4.4470","4.4280","","0.52%"
"01/14/2022","4.4205","4.5070","4.5440","4.4135","9.18K","-2.69%"
"01/13/2022","4.5425","4.5565","4.5725","4.5015","11.90K","-0.66%"
"01/12/2022","4.5725","4.4295","4.5945","4.4205","21.52K","3.29%"
"01/11/2022","4.4270","4.3760","4.4350","4.3650","6.80K","1.76%"
"01/10/2022","4.3505","4.4000","4.4270","4.3300","7.30K","-1.30%"
"01/07/2022","4.4080","4.3535","4.4150","4.3415","10.00K","1.28%"
"01/06/2022","4.3525","4.3905","4.4050","4.3125","8.36K","-1.32%"
"01/05/2022","4.4105","4.4645","4.4645","4.3705","9.65K","-1.31%"
"01/04/2022","4.4690","4.4155","4.4720","4.3700","7.22K","1.22%"
"01/03/2022","4.4150","4.4535","4.4710","4.3320","3.81K","-0.86%"
"12/31/2021","4.4535","4.3825","4.4635","4.3760","5.83K","1.55%"
"12/30/2021","4.3855","4.4060","4.4240","4.3740","4.53K","-0.53%"
"12/29/2021","4.4090","4.4370","4.4370","4.4005","0.06K","-0.47%"
"12/28/2021","4.4300","4.4500","4.4705","4.4300","0.04K","-0.81%"
"12/27/2021","4.4660","4.3800","4.4645","4.3660","0.10K","1.38%"
"12/24/2021","4.4050","4.4050","4.4050","4.4050","","0.40%"
"12/23/2021","4.3875","4.3790","4.3950","4.3610","0.08K","0.06%"
"12/22/2021","4.3850","4.3500","4.3865","4.3480","0.03K","1.00%"
"12/21/2021","4.3415","4.3020","4.3400","4.3020","0.09K","1.18%"
"12/20/2021","4.2910","4.2830","4.2990","4.2815","0.03K","-0.02%"
"12/17/2021","4.2920","4.2910","4.3200","4.2845","0.03K","-0.19%"
"12/16/2021","4.3000","4.2550","4.3115","4.2550","0.10K","2.85%"
"12/15/2021","4.1810","4.2545","4.2545","4.1380","0.05K","-1.73%"
"12/14/2021","4.2545","4.2840","4.2885","4.2590","0.02K","-0.64%"
"12/13/2021","4.2820","4.3175","4.3205","4.2780","0.07K","0.00%"
"12/10/2021","4.2820","4.3035","4.3045","4.2800","0.03K","-1.04%"
"12/09/2021","4.3270","4.3710","4.3710","4.3050","0.04K","-1.36%"
"12/08/2021","4.3865","4.3340","4.3915","4.3340","0.02K","1.19%"
"12/07/2021","4.3350","4.3050","4.3600","4.3050","0.04K","0.10%"
"12/06/2021","4.3305","4.3025","4.3415","4.3020","0.04K","1.58%"
"12/03/2021","4.2630","4.2995","4.2995","4.2625","0.01K","-0.73%"
"12/02/2021","4.2945","4.2625","4.2920","4.2625","0.06K","1.20%"
"12/01/2021","4.2435","4.3045","4.3045","4.2155","0.01K","-0.74%"
"11/30/2021","4.2750","4.2765","4.2765","4.2765","0.10K","-1.46%"
"11/29/2021","4.3385","4.3280","4.3405","4.3280","0.03K","1.11%"
"11/26/2021","4.2910","4.4825","4.5115","4.2805","81.88K","-3.36%"
"11/25/2021","4.4400","4.4700","4.5000","4.4165","","-0.68%"
"11/24/2021","4.4705","4.4175","4.4995","4.3925","43.69K","1.05%"
"11/23/2021","4.4240","4.3910","4.4530","4.3740","33.63K","0.63%"
"11/22/2021","4.3965","4.3950","4.4255","4.3500","25.26K","0.01%"
"11/19/2021","4.3960","4.3025","4.4065","4.2895","28.60K","2.11%"
"11/18/2021","4.3050","4.2165","4.3230","4.2160","32.93K","0.77%"
"11/17/2021","4.2720","4.3525","4.3695","4.2000","32.55K","-2.01%"
"11/16/2021","4.3595","4.4175","4.4460","4.3330","28.46K","-0.99%"
"11/15/2021","4.4030","4.4540","4.4860","4.3935","20.87K","-0.94%"
"11/12/2021","4.4450","4.3995","4.4550","4.3705","17.10K","1.17%"
"11/11/2021","4.3935","4.2935","4.4225","4.2935","26.53K","1.71%"
"11/10/2021","4.3195","4.3680","4.4060","4.2810","22.86K","-1.05%"
"11/09/2021","4.3655","4.3885","4.4330","4.3295","21.46K","-0.47%"
"11/08/2021","4.3860","4.3440","4.3995","4.3130","18.79K","1.42%"
"11/05/2021","4.3245","4.3050","4.3520","4.2645","17.36K","0.58%"
"11/04/2021","4.2995","4.3290","4.3840","4.2600","15.67K","-0.01%"
"11/03/2021","4.3000","4.3365","4.4190","4.2600","14.30K","-0.82%"
"11/02/2021","4.3355","4.3535","4.3920","4.3030","9.97K","-0.54%"
"11/01/2021","4.3590","4.3435","4.3730","4.3080","10.16K","0.44%"
"10/29/2021","4.3400","4.4065","4.4255","4.3090","8.84K","-1.69%"
"10/28/2021","4.4145","4.3785","4.4475","4.3370","12.14K","0.76%"
"10/27/2021","4.3810","4.4750","4.4750","4.3800","0.05K","-2.11%"
"10/26/2021","4.4755","4.4760","4.4790","4.4740","0.25K","-0.81%"
"10/25/2021","4.5120","4.5025","4.5280","4.4975","0.19K","0.96%"
"10/22/2021","4.4690","4.4550","4.4750","4.4470","0.09K","-1.16%"
"10/21/2021","4.5215","4.5935","4.5935","4.5225","0.10K","-3.70%"
"10/20/2021","4.6950","4.6725","4.7045","4.6725","0.03K","0.75%"
"10/19/2021","4.6600","4.6740","4.7315","4.6475","0.06K","-0.57%"
"10/18/2021","4.6865","4.7500","4.7500","4.6610","0.11K","-0.19%"
"10/15/2021","4.6955","4.6740","4.7250","4.6740","0.14K","2.24%"
"10/14/2021","4.5925","4.4565","4.5920","4.4565","0.12K","2.50%"
"10/13/2021","4.4805","4.3360","4.4785","4.3360","0.20K","3.97%"
"10/12/2021","4.3095","4.3700","4.3700","4.3100","0.02K","-0.94%"
"10/11/2021","4.3505","4.3550","4.3550","4.3530","0.02K","2.06%"
"10/08/2021","4.2625","4.2760","4.2770","4.2630","0.08K","0.72%"
"10/07/2021","4.2320","4.1905","4.2355","4.1905","0.04K","2.28%"
"10/06/2021","4.1375","4.1295","4.1585","4.1295","0.05K","-1.05%"
"10/05/2021","4.1815","4.1900","4.1905","4.1820","0.04K","-1.09%"
"10/04/2021","4.2275","4.2825","4.2825","4.2280","0.08K","1.25%"
"10/01/2021","4.1755","4.1585","4.1770","4.1585","0.12K","2.32%"
"09/30/2021","4.0810","4.0560","4.0905","4.0560","0.02K","-2.64%"
"09/29/2021","4.1915","4.2415","4.2415","4.2020","0.03K","-1.10%"
"09/28/2021","4.2380","4.2855","4.2890","4.2360","0.07K","-1.05%"
"09/27/2021","4.2830","4.2810","4.3055","4.2595","0.06K","0.02%"
"09/24/2021","4.2820","4.2455","4.2900","4.2455","0.15K","1.23%"
"09/23/2021","4.2300","4.1950","4.2715","4.1950","0.10K","-0.49%"
"09/22/2021","4.2510","4.1180","4.2725","4.1145","0.05K","3.05%"
"09/21/2021","4.1250","4.1335","4.1720","4.0180","0.12K","0.27%"
"09/20/2021","4.1140","4.2290","4.2290","4.0940","0.12K","-3.10%"
"09/17/2021","4.2455","4.2885","4.3280","4.2400","0.09K","-0.81%"
"09/16/2021","4.2800","4.4035","4.4040","4.2585","0.04K","-2.80%"
"09/15/2021","4.4035","4.3120","4.4085","4.3100","0.03K","1.94%"
"09/14/2021","4.3195","4.3535","4.3535","4.3160","0.01K","-1.04%"
"09/13/2021","4.3650","4.4200","4.4200","4.3455","0.02K","-1.87%"
"09/10/2021","4.4480","4.3040","4.4530","4.3040","0.06K","3.84%"
"09/09/2021","4.2835","4.2860","4.2885","4.2860","0.01K","1.24%"
"09/08/2021","4.2310","4.2385","4.2385","4.2295","0.01K","-1.09%"
"09/07/2021","4.2775","4.3130","4.3130","4.2595","0.02K","-1.26%"
"09/06/2021","4.3320","4.3325","4.3457","4.3040","","-0.01%"
"09/05/2021","4.3325","4.3350","4.3422","4.3315","","0.06%"
"09/03/2021","4.3300","4.2945","4.3345","4.2910","0.05K","0.69%"
"09/02/2021","4.3005","4.2750","4.3000","4.2685","0.04K","0.66%"
"09/01/2021","4.2725","4.3645","4.3645","4.2610","0.02K","-2.19%"
"08/31/2021","4.3680","4.3495","4.3765","4.3495","0.04K","-0.05%"
"08/30/2021","4.3700","4.3300","4.4000","4.3300","0.07K","0.88%"
"08/27/2021","4.3320","4.2495","4.3415","4.2375","61.55K","1.70%"
"08/26/2021","4.2595","4.2780","4.2875","4.2305","42.57K","-0.39%"
"08/25/2021","4.2760","4.2575","4.3045","4.2415","36.18K","0.36%"
"08/24/2021","4.2605","4.2080","4.2970","4.1920","38.81K","0.94%"
"08/23/2021","4.2210","4.1200","4.2370","4.1200","35.72K","2.38%"
"08/20/2021","4.1230","4.0495","4.1415","4.0450","41.49K","1.97%"
"08/19/2021","4.0435","4.1170","4.1365","3.9665","53.51K","-1.86%"
"08/18/2021","4.1200","4.2235","4.2490","4.1000","37.85K","-2.01%"
"08/17/2021","4.2045","4.3225","4.3375","4.2000","39.78K","-2.71%"
"08/16/2021","4.3215","4.3590","4.3735","4.2985","29.09K","-1.37%"
"08/13/2021","4.3815","4.3515","4.4190","4.3415","23.28K","0.74%"
"08/12/2021","4.3495","4.3590","4.4040","4.3270","27.11K","-0.24%"
"08/11/2021","4.3600","4.3405","4.3695","4.3100","25.29K","0.32%"
"08/10/2021","4.3460","4.2835","4.3635","4.2760","27.14K","1.51%"
"08/09/2021","4.2815","4.3280","4.3350","4.2365","33.45K","-1.33%"
"08/06/2021","4.3390","4.3350","4.3990","4.3220","26.84K","0.14%"
"08/05/2021","4.3330","4.3225","4.3460","4.2970","12.29K","0.28%"
"08/04/2021","4.3210","4.3735","4.3895","4.3090","14.60K","-1.22%"
"08/03/2021","4.3745","4.4180","4.4315","4.3315","17.63K","-0.93%"
"08/02/2021","4.4155","4.4770","4.4980","4.3940","11.50K","-0.90%"
"07/30/2021","4.4555","4.4950","4.5280","4.4255","12.05K","-1.02%"
"07/29/2021","4.5015","4.4480","4.5135","4.4315","11.47K","0.99%"
"07/28/2021","4.4575","4.5225","4.5225","4.4490","0.17K","-1.15%"
"07/27/2021","4.5095","4.5200","4.5550","4.4925","0.15K","-0.91%"
"07/26/2021","4.5510","4.4400","4.5665","4.4250","0.39K","3.57%"
"07/23/2021","4.3940","4.3390","4.4300","4.3390","0.21K","1.30%"
"07/22/2021","4.3375","4.2890","4.3400","4.2890","0.10K","1.51%"
"07/21/2021","4.2730","4.2760","4.2760","4.2620","0.02K","0.21%"
"07/20/2021","4.2640","4.2130","4.2640","4.2130","0.02K","1.48%"
"07/19/2021","4.2020","4.2845","4.2845","4.1805","0.05K","-2.80%"
"07/16/2021","4.3230","4.3260","4.3310","4.3075","0.01K","0.01%"
"07/15/2021","4.3225","4.3070","4.3360","4.2880","0.04K","1.28%"
"07/14/2021","4.2680","4.2655","4.2655","4.2655","0.01K","-0.91%"
"07/13/2021","4.3070","4.3310","4.3355","4.2940","0.02K","-0.21%"
"07/12/2021","4.3160","4.3560","4.3560","4.3000","0.03K","-0.69%"
"07/09/2021","4.3460","4.3455","4.3535","4.3435","0.04K","1.90%"
"07/08/2021","4.2650","4.2635","4.2710","4.2470","0.13K","-1.33%"
"07/07/2021","4.3225","4.2820","4.3260","4.2820","0.03K","1.68%"
"07/06/2021","4.2510","4.3505","4.3505","4.2505","0.02K","-2.14%"
"07/05/2021","4.3440","4.3135","4.3575","4.3090","","1.59%"
"07/02/2021","4.2760","4.2435","4.2775","4.2435","0.02K","0.97%"
"07/01/2021","4.2350","4.2845","4.2850","4.2360","0.03K","-1.22%"
"06/30/2021","4.2875","4.2660","4.2910","4.2660","0.03K","0.61%"
"06/29/2021","4.2615","4.2640","4.2640","4.2190","0.08K","-0.43%"
"06/28/2021","4.2800","4.2845","4.3040","4.2675","0.02K","-0.24%"
"06/25/2021","4.2905","4.3180","4.3210","4.2770","0.18K","-0.38%"
"06/24/2021","4.3070","4.3110","4.3175","4.2620","0.12K","-0.44%"
"06/23/2021","4.3260","4.2500","4.3265","4.2500","0.05K","2.51%"
"06/22/2021","4.2200","4.1795","4.2375","4.1795","0.17K","0.78%"
"06/21/2021","4.1875","4.1370","4.1900","4.1250","0.06K","0.50%"
"06/18/2021","4.1665","4.2165","4.2255","4.1465","0.03K","-0.51%"
"06/17/2021","4.1880","4.2885","4.3285","4.1750","0.09K","-4.68%"
"06/16/2021","4.3935","4.3335","4.4010","4.3010","0.04K","1.16%"
"06/15/2021","4.3430","4.5275","4.5275","4.3260","0.13K","-4.25%"
"06/14/2021","4.5360","4.5515","4.5515","4.5170","0.11K","-0.26%"
"06/11/2021","4.5480","4.5545","4.5950","4.5475","0.02K","1.18%"
"06/10/2021","4.4950","4.5140","4.5140","4.4585","0.02K","-0.99%"
"06/09/2021","4.5400","4.5515","4.5515","4.5205","0.03K","-0.54%"
"06/08/2021","4.5645","4.5210","4.5655","4.4935","0.02K","0.62%"
"06/07/2021","4.5365","4.5330","4.5365","4.4895","0.03K","-0.01%"
"06/04/2021","4.5370","4.4980","4.5405","4.4550","0.03K","1.44%"
"06/03/2021","4.4725","4.5900","4.5900","4.4510","0.02K","-2.78%"
"06/02/2021","4.6005","4.6400","4.6400","4.5970","0.02K","-1.30%"
"06/01/2021","4.6610","4.7045","4.7050","4.6500","0.05K","-0.43%"
"05/31/2021","4.6810","4.6930","4.7047","4.6525","","-0.27%"
"05/30/2021","4.6937","4.6723","4.6950","4.6697","","0.18%"
"05/28/2021","4.6855","4.6860","4.6860","4.6180","0.04K","0.29%"
"05/27/2021","4.6720","4.6000","4.6840","4.6000","0.76K","3.00%"
"05/26/2021","4.5360","4.5175","4.5520","4.5040","6.91K","0.51%"
"05/25/2021","4.5130","4.5365","4.5860","4.4975","7.09K","-0.41%"
"05/24/2021","4.5315","4.5095","4.5475","4.4495","5.90K","0.99%"
"05/21/2021","4.4870","4.5400","4.5650","4.4755","6.22K","-1.88%"
"05/20/2021","4.5730","4.5805","4.6285","4.5280","6.20K","-0.17%"
"05/19/2021","4.5810","4.7155","4.7310","4.5350","9.03K","-3.16%"
"05/18/2021","4.7305","4.7225","4.7855","4.7090","5.32K","0.30%"
"05/17/2021","4.7165","4.6700","4.7260","4.6460","5.40K","1.23%"
"05/14/2021","4.6590","4.6875","4.7135","4.6090","15.51K","-0.72%"
"05/13/2021","4.6930","4.7290","4.7685","4.6500","8.16K","-0.94%"
"05/12/2021","4.7375","4.7980","4.8250","4.7085","7.30K","-0.56%"
"05/11/2021","4.7640","4.6650","4.8050","4.6625","8.74K","1.02%"
"05/10/2021","4.7160","4.7755","4.8840","4.6880","10.09K","-0.63%"
"05/07/2021","4.7460","4.6010","4.7475","4.5955","9.43K","3.19%"
"05/06/2021","4.5995","4.5200","4.6085","4.4975","6.44K","1.71%"
"05/05/2021","4.5220","4.5500","4.5690","4.5030","9.08K","0.06%"
"05/04/2021","4.5195","4.5270","4.5580","4.4900","5.60K","-0.18%"
"05/03/2021","4.5275","4.4570","4.5330","4.4370","2.69K","1.33%"
"04/30/2021","4.4680","4.4850","4.5300","4.4465","5.83K","-0.41%"
"04/29/2021","4.4865","4.4980","4.5490","4.4650","5.46K","-0.27%"
"04/28/2021","4.4985","4.4310","4.5155","4.4250","0.02K","0.22%"
"04/27/2021","4.4885","4.4865","4.5135","4.4710","0.05K","0.94%"
"04/26/2021","4.4465","4.3440","4.4445","4.3440","0.03K","2.38%"
"04/23/2021","4.3430","4.2885","4.3455","4.2885","0.02K","1.44%"
"04/22/2021","4.2815","4.2760","4.2930","4.2625","0.03K","-0.20%"
"04/21/2021","4.2900","4.2275","4.2985","4.2270","0.01K","1.60%"
"04/20/2021","4.2225","4.2895","4.2895","4.2170","0.02K","-0.58%"
"04/19/2021","4.2470","4.1730","4.2800","4.1730","0.03K","1.76%"
"04/16/2021","4.1735","4.1985","4.1985","4.1695","0.01K","-1.24%"
"04/15/2021","4.2260","4.1765","4.2315","4.1700","0.02K","2.20%"
"04/14/2021","4.1350","4.1010","4.1370","4.1010","0.02K","2.34%"
"04/13/2021","4.0405","4.0615","4.0615","4.0390","0.02K","0.34%"
"04/12/2021","4.0270","4.0050","4.0310","4.0050","0.01K","-0.49%"
"04/09/2021","4.0470","4.0765","4.0765","4.0500","0.11K","-1.28%"
"04/08/2021","4.0995","4.0890","4.0995","4.0855","0.02K","1.01%"
"04/07/2021","4.0585","4.0905","4.0905","4.0520","0.07K","-1.44%"
"04/06/2021","4.1180","4.0775","4.1190","4.0775","0.03K","-0.54%"
"04/05/2021","4.1405","4.0430","4.1600","4.0430","0.02K","3.67%"
"04/01/2021","3.9940","3.9700","4.0115","3.9700","0.01K","-0.19%"
"03/31/2021","4.0015","4.0010","4.0010","4.0010","0.00K","0.46%"
"03/30/2021","3.9830","3.9935","3.9935","3.9750","0.00K","-1.37%"
"03/29/2021","4.0385","4.0810","4.0840","4.0135","8.69K","-0.79%"
"03/26/2021","4.0705","3.9995","4.0830","3.9990","9.43K","2.24%"
"03/25/2021","3.9815","4.0325","4.0475","3.9475","12.70K","-2.11%"
"03/24/2021","4.0675","4.0350","4.1060","4.0215","7.54K","-0.34%"
"03/23/2021","4.0815","4.1445","4.1660","4.0195","5.99K","-1.45%"
"03/22/2021","4.1415","4.1015","4.1485","4.0780","5.61K","0.68%"
"03/19/2021","4.1135","4.0650","4.1220","4.0130","6.23K","0.11%"
"03/18/2021","4.1090","4.1490","4.1565","4.0500","5.55K","-0.28%"
"03/17/2021","4.1205","4.0625","4.1630","4.0505","4.01K","1.17%"
"03/16/2021","4.0730","4.1400","4.1490","4.0430","5.40K","-1.65%"
"03/15/2021","4.1415","4.1665","4.1900","4.1125","5.46K","0.00%"
"03/12/2021","4.1415","4.1460","4.1590","4.0685","4.33K","0.01%"
"03/11/2021","4.1410","4.0350","4.1510","4.0110","8.07K","2.69%"
"03/10/2021","4.0325","4.0170","4.0605","3.9860","6.25K","0.61%"
"03/09/2021","4.0080","4.0745","4.1195","3.9760","6.13K","-2.04%"
"03/08/2021","4.0915","4.1180","4.1665","3.9970","6.50K","0.40%"
"03/05/2021","4.0750","3.9515","4.1100","3.9070","8.98K","2.44%"
"03/04/2021","3.9780","4.1120","4.1455","3.8500","15.68K","-3.92%"
"03/03/2021","4.1405","4.2095","4.2120","4.0970","8.06K","-1.86%"
"03/02/2021","4.2190","4.1035","4.2235","4.0430","8.38K","2.60%"
"03/01/2021","4.1120","4.0930","4.1780","4.0890","9.46K","0.53%"
"02/26/2021","4.0905","4.2080","4.2495","4.0765","10.51K","-3.95%"
"02/25/2021","4.2585","4.3130","4.3700","4.1865","5.81K","-0.99%"
"02/24/2021","4.3010","4.2080","4.3145","4.1500","0.15K","2.75%"
"02/23/2021","4.1860","4.1500","4.2215","4.1075","0.13K","0.89%"
"02/22/2021","4.1490","4.1045","4.1930","4.0880","0.20K","1.78%"
"02/19/2021","4.0765","3.9150","4.0940","3.8955","0.13K","4.34%"
"02/18/2021","3.9070","3.8275","3.9190","3.8275","0.09K","2.10%"
"02/17/2021","3.8265","3.8380","3.8380","3.8065","0.02K","-0.21%"
"02/16/2021","3.8345","3.8135","3.8405","3.8135","0.02K","0.33%"
"02/15/2021","3.8218","3.8005","3.8340","3.7997","","0.57%"
"02/14/2021","3.8003","3.7960","3.8087","3.7960","","0.32%"
"02/12/2021","3.7880","3.7700","3.8000","3.7600","0.10K","0.36%"
"02/11/2021","3.7745","3.7600","3.7790","3.7510","0.02K","0.04%"
"02/10/2021","3.7730","3.7470","3.7935","3.7470","0.04K","1.49%"
"02/09/2021","3.7175","3.6950","3.7150","3.6950","0.02K","1.42%"
"02/08/2021","3.6655","3.6335","3.6720","3.6335","0.02K","1.08%"
"02/05/2021","3.6265","3.5650","3.6375","3.5650","0.12K","1.95%"
"02/04/2021","3.5570","3.5680","3.5690","3.5510","0.01K","-0.25%"
"02/03/2021","3.5660","3.5225","3.5670","3.5100","0.08K","1.15%"
"02/02/2021","3.5255","3.5415","3.5415","3.5010","0.09K","-0.56%"
"02/01/2021","3.5455","3.5440","3.5550","3.5275","0.04K","-0.34%"
"01/29/2021","3.5575","3.5790","3.5935","3.5465","0.04K","-0.63%"
"01/28/2021","3.5800","3.5450","3.5930","3.5145","0.05K","0.42%"
"01/27/2021","3.5650","3.6250","3.6340","3.5300","11.51K","-1.70%"
"01/26/2021","3.6265","3.6305","3.6465","3.5875","8.29K","-0.25%"
"01/25/2021","3.6355","3.6210","3.6450","3.5980","7.34K","0.11%"
"01/22/2021","3.6315","3.6525","3.6570","3.5700","8.75K","-0.60%"
"01/21/2021","3.6535","3.6525","3.6770","3.6400","5.21K","0.19%"
"01/20/2021","3.6465","3.6320","3.6670","3.6215","5.90K","0.22%"
"01/19/2021","3.6385","3.6030","3.6565","3.5650","12.99K","0.60%"
"01/18/2021","3.6168","3.5762","3.6488","3.5737","","1.14%"
"01/17/2021","3.5760","3.6000","3.6060","3.5585","","-0.86%"
"01/15/2021","3.6070","3.6755","3.6860","3.5900","6.05K","-1.66%"
"01/14/2021","3.6680","3.6150","3.6785","3.6075","13.61K","1.27%"
"01/13/2021","3.6220","3.6470","3.6540","3.6125","4.87K","0.30%"
"01/12/2021","3.6110","3.5745","3.6530","3.5725","8.10K","1.13%"
"01/11/2021","3.5705","3.6980","3.6980","3.5595","6.42K","-2.98%"
"01/08/2021","3.6800","3.7105","3.7395","3.6370","9.86K","-0.62%"
"01/07/2021","3.7030","3.6680","3.7180","3.6480","4.28K","1.24%"
"01/06/2021","3.6575","3.6545","3.7130","3.6325","10.33K","0.32%"
"01/05/2021","3.6460","3.5685","3.6680","3.5670","8.47K","2.37%"
"01/04/2021","3.5615","3.5325","3.6105","3.5280","7.15K","1.18%"
"01/01/2021","3.5200","3.5200","3.5200","3.5200","","-0.11%"
"12/31/2020","3.5240","3.5510","3.5625","3.5120","4.36K","-0.86%"
"12/30/2020","3.5545","3.5565","3.5870","3.5470","2.10K","-0.14%"
"12/29/2020","3.5595","3.5745","3.5750","3.5745","0.01K","-0.45%"
"12/28/2020","3.5755","3.5585","3.6120","3.5570","0.01K","0.25%"
"12/24/2020","3.5665","3.5510","3.5730","3.5510","0.02K","0.17%"
"12/23/2020","3.5605","3.5220","3.5620","3.4960","0.12K","1.04%"
"12/22/2020","3.5240","3.5275","3.5275","3.5190","0.02K","-1.61%"
"12/21/2020","3.5815","3.5810","3.5820","3.5810","0.02K","-1.51%"
"12/18/2020","3.6365","3.6300","3.6345","3.6285","0.01K","0.89%"
"12/17/2020","3.6045","3.5685","3.6095","3.5685","0.01K","1.21%"
"12/16/2020","3.5615","3.5480","3.5735","3.5455","0.11K","0.39%"
"12/15/2020","3.5475","3.5100","3.5475","3.5100","0.02K","0.47%"
"12/14/2020","3.5310","3.5305","3.5305","3.5255","0.08K","0.00%"
"12/11/2020","3.5310","3.5295","3.5300","3.5295","0.03K","-1.30%"
"12/10/2020","3.5775","3.5170","3.5850","3.5170","0.03K","1.75%"
"12/09/2020","3.5160","3.5210","3.5210","3.4875","0.01K","0.41%"
"12/08/2020","3.5015","3.4920","3.5055","3.4920","0.02K","-0.51%"
"12/07/2020","3.5195","3.5020","3.5050","3.5020","0.02K","-0.18%"
"12/04/2020","3.5260","3.4850","3.5280","3.4850","0.02K","0.99%"
"12/03/2020","3.4915","3.4900","3.4910","3.4860","0.04K","0.06%"
"12/02/2020","3.4895","3.4600","3.4935","3.4600","0.06K","0.06%"
"12/01/2020","3.4875","3.5035","3.5180","3.4815","0.01K","1.35%"
"11/30/2020","3.4410","3.4880","3.4880","3.4385","0.03K","0.63%"
"11/27/2020","3.4195","3.3630","3.3630","3.3620","0.45K","2.14%"
"11/26/2020","3.3478","3.3117","3.3585","3.3090","","0.52%"
"11/25/2020","3.3305","3.3255","3.3515","3.3010","42.84K","0.32%"
"11/24/2020","3.3200","3.2800","3.3350","3.2795","48.97K","1.28%"
"11/23/2020","3.2780","3.3065","3.3150","3.2555","40.17K","-0.97%"
"11/20/2020","3.3100","3.2270","3.3185","3.2210","33.27K","2.80%"
"11/19/2020","3.2200","3.2085","3.2350","3.1855","26.66K","0.23%"
"11/18/2020","3.2125","3.2190","3.2520","3.2010","30.50K","0.09%"
"11/17/2020","3.2095","3.2355","3.2465","3.1870","25.22K","-0.62%"
"11/16/2020","3.2295","3.1785","3.2695","3.1785","28.09K","1.40%"
"11/13/2020","3.1850","3.1365","3.1960","3.1345","14.92K","1.05%"
"11/12/2020","3.1520","3.1390","3.1690","3.1285","23.61K","0.35%"
"11/11/2020","3.1410","3.1610","3.1815","3.1150","19.87K","-0.68%"
"11/10/2020","3.1625","3.1420","3.1685","3.1045","28.88K","0.02%"
"11/09/2020","3.1620","3.1650","3.2120","3.1380","25.48K","0.08%"
"11/06/2020","3.1595","3.1160","3.1775","3.1075","25.11K","1.43%"
"11/05/2020","3.1150","3.1080","3.1390","3.0820","12.46K","0.23%"
"11/04/2020","3.1080","3.0980","3.1210","3.0315","11.93K","0.52%"
"11/03/2020","3.0920","3.0920","3.1230","3.0855","10.90K","0.31%"
"11/02/2020","3.0825","3.0500","3.1010","3.0345","8.92K","0.98%"
"10/30/2020","3.0525","3.0625","3.0850","3.0430","12.13K","-0.28%"
"10/29/2020","3.0610","3.0730","3.0960","3.0475","6.04K","-0.23%"
"10/28/2020","3.0680","3.0615","3.0760","3.0605","0.03K","-0.98%"
"10/27/2020","3.0985","3.0900","3.0940","3.0900","0.01K","0.23%"
"10/26/2020","3.0915","3.0895","3.0970","3.0885","0.03K","-1.25%"
"10/23/2020","3.1305","3.1600","3.1600","3.1295","0.02K","-0.76%"
"10/22/2020","3.1545","3.1940","3.1940","3.1540","0.09K","-1.31%"
"10/21/2020","3.1965","3.1780","3.1945","3.1780","0.06K","1.54%"
"10/20/2020","3.1480","3.1140","3.1525","3.1140","0.04K","1.96%"
"10/19/2020","3.0875","3.1035","3.1035","3.1030","0.15K","0.49%"
"10/16/2020","3.0725","3.0655","3.0655","3.0650","0.05K","-0.60%"
"10/15/2020","3.0910","3.0470","3.0470","3.0470","0.04K","1.08%"
"10/14/2020","3.0580","3.0535","3.0540","3.0535","0.01K","0.26%"
"10/13/2020","3.0500","3.0465","3.0520","3.0270","0.04K","-0.55%"
"10/12/2020","3.0670","3.0650","3.0650","3.0650","0.01K","-0.47%"
"10/09/2020","3.0815","3.0755","3.0805","3.0755","0.07K","1.28%"
"10/08/2020","3.0425","3.0255","3.0415","3.0095","0.07K","0.18%"
"10/07/2020","3.0370","3.0445","3.0490","3.0425","0.23K","2.19%"
"10/06/2020","2.9720","2.9750","2.9800","2.9725","0.05K","0.00%"
"10/05/2020","2.9720","2.9700","2.9700","2.9700","0.01K","-0.45%"
"10/02/2020","2.9855","2.8740","2.9800","2.8365","0.03K","3.86%"
"10/01/2020","2.8745","2.8855","2.8855","2.8680","0.03K","-5.43%"
"09/30/2020","3.0395","3.0430","3.0430","3.0430","0.04K","1.42%"
"09/29/2020","2.9970","2.9885","2.9965","2.9600","0.02K","0.05%"
"09/28/2020","2.9955","2.9910","2.9975","2.9895","0.03K","0.66%"
"09/25/2020","2.9760","2.9680","2.9840","2.9680","0.05K","0.10%"
"09/24/2020","2.9730","2.9770","2.9790","2.9540","0.08K","-0.83%"
"09/23/2020","2.9980","3.0500","3.0500","2.9685","0.09K","-2.09%"
"09/22/2020","3.0620","3.0420","3.0755","3.0420","0.02K","0.96%"
"09/21/2020","3.0330","3.1090","3.1090","3.0265","0.06K","-2.76%"
"09/18/2020","3.1190","3.1075","3.1100","3.1075","0.09K","1.35%"
"09/17/2020","3.0775","3.0470","3.0900","3.0400","0.05K","0.34%"
"09/16/2020","3.0670","3.0570","3.0715","3.0570","0.01K","-0.08%"
"09/15/2020","3.0695","3.0845","3.0845","3.0630","0.00K","-0.16%"
"09/14/2020","3.0745","3.0605","3.0805","3.0605","0.01K","0.94%"
"09/11/2020","3.0460","2.9855","3.0545","2.9855","0.03K","1.36%"
"09/10/2020","3.0050","3.0385","3.0575","2.9650","0.02K","-1.73%"
"09/09/2020","3.0580","3.0330","3.0635","3.0315","0.09K","0.87%"
"09/08/2020","3.0315","3.0750","3.0780","3.0210","0.03K","-1.24%"
"09/07/2020","3.0697","3.0740","3.0880","3.0427","","-0.16%"
"09/06/2020","3.0745","3.0790","3.0790","3.0623","","0.21%"
"09/04/2020","3.0680","3.0120","3.0705","3.0120","0.11K","2.90%"
"09/03/2020","2.9815","3.0000","3.0000","2.9730","0.02K","-1.52%"
"09/02/2020","3.0275","3.0305","3.0325","3.0300","0.08K","-0.25%"
"09/01/2020","3.0350","3.0280","3.0280","3.0275","0.02K","-1.08%"
"08/31/2020","3.0680","3.0740","3.0740","3.0635","0.02K","1.40%"
"08/28/2020","3.0255","3.0275","3.0315","3.0235","0.04K","1.17%"
"08/27/2020","2.9905","2.9900","3.0120","2.9565","56.29K","0.30%"
"08/26/2020","2.9815","2.9595","2.9965","2.9510","42.22K","0.95%"
"08/25/2020","2.9535","2.9435","2.9630","2.9325","29.10K","0.27%"
"08/24/2020","2.9455","2.9415","2.9810","2.9345","38.78K","0.39%"
"08/21/2020","2.9340","3.0060","3.0165","2.9240","36.40K","-1.92%"
"08/20/2020","2.9915","3.0130","3.0160","2.9705","35.26K","-1.53%"
"08/19/2020","3.0380","2.9880","3.0445","2.9825","41.46K","1.55%"
"08/18/2020","2.9915","2.9265","2.9980","2.9075","35.85K","2.36%"
"08/17/2020","2.9225","2.8890","2.9375","2.8680","19.22K","1.41%"
"08/14/2020","2.8820","2.8210","2.8865","2.8155","20.37K","1.77%"
"08/13/2020","2.8320","2.9000","2.9130","2.7960","36.59K","-2.75%"
"08/12/2020","2.9120","2.8705","2.9215","2.8285","29.33K","0.54%"
"08/11/2020","2.8965","2.8870","2.8995","2.8605","23.23K","0.47%"
"08/10/2020","2.8830","2.8110","2.9045","2.8050","30.18K","2.40%"
"08/07/2020","2.8155","2.9385","2.9410","2.8050","33.55K","-4.06%"
"08/06/2020","2.9345","2.9375","2.9480","2.9090","13.36K","-0.15%"
"08/05/2020","2.9390","2.9270","2.9615","2.9105","15.12K","0.74%"
"08/04/2020","2.9175","2.9360","2.9400","2.8995","12.81K","-0.58%"
"08/03/2020","2.9345","2.8920","2.9460","2.8530","11.25K","1.52%"
"07/31/2020","2.8905","2.9410","2.9500","2.8690","13.65K","-1.47%"
"07/30/2020","2.9335","2.9520","2.9520","2.8950","8.97K","0.00%"
"07/29/2020","2.9335","2.9020","2.9250","2.8865","0.01K","0.05%"
"07/28/2020","2.9320","2.9335","2.9335","2.9295","0.03K","0.67%"
"07/27/2020","2.9125","2.9085","2.9165","2.9080","0.05K","0.21%"
"07/24/2020","2.9065","2.9010","2.9010","2.9010","0.03K","-1.49%"
"07/23/2020","2.9505","2.9435","2.9435","2.9315","0.07K","0.39%"
"07/22/2020","2.9390","2.9595","2.9600","2.8865","0.02K","-1.11%"
"07/21/2020","2.9720","2.9620","2.9620","2.9610","0.02K","1.47%"
"07/20/2020","2.9290","2.9185","2.9215","2.9185","0.02K","0.39%"
"07/17/2020","2.9175","2.8960","2.9075","2.8795","0.60K","0.12%"
"07/16/2020","2.9140","2.8980","2.9150","2.8980","0.03K","0.53%"
"07/15/2020","2.8985","2.9510","2.9510","2.9015","0.03K","-1.65%"
"07/14/2020","2.9470","2.9375","2.9380","2.9330","0.01K","-0.72%"
"07/13/2020","2.9685","2.9150","2.9830","2.8990","0.03K","2.01%"
"07/10/2020","2.9100","2.8645","2.9060","2.8645","0.01K","2.02%"
"07/09/2020","2.8525","2.8560","2.8560","2.8555","0.06K","0.62%"
"07/08/2020","2.8350","2.7815","2.8215","2.7815","0.00K","0.94%"
"07/07/2020","2.8085","2.8055","2.8055","2.8055","0.01K","0.86%"
"07/06/2020","2.7845","2.7855","2.7855","2.7855","0.02K","3.17%"
"07/03/2020","2.6990","2.7330","2.7370","2.6980","","-2.28%"
"07/02/2020","2.7620","2.7515","2.7515","2.7515","0.00K","0.49%"
"07/01/2020","2.7485","2.7245","2.7455","2.7060","0.01K","0.29%"
"06/30/2020","2.7405","2.7280","2.7280","2.7280","0.01K","1.27%"
"06/29/2020","2.7060","2.7035","2.7055","2.7035","0.12K","0.73%"
"06/26/2020","2.6865","2.7165","2.7165","2.6885","0.01K","0.00%"
"06/25/2020","2.6865","2.6695","2.6830","2.6670","0.01K","0.75%"
"06/24/2020","2.6665","2.6530","2.6640","2.6530","0.06K","-0.41%"
"06/23/2020","2.6775","2.6695","2.6695","2.6695","0.02K","0.26%"
"06/22/2020","2.6705","2.6515","2.6690","2.6515","0.02K","1.25%"
"06/19/2020","2.6375","2.6485","2.6550","2.6310","0.02K","0.63%"
"06/18/2020","2.6210","2.6280","2.6285","2.6265","0.01K","0.06%"
"06/17/2020","2.6195","2.6100","2.6240","2.6100","0.03K","0.81%"
"06/16/2020","2.5985","2.5860","2.6035","2.5860","0.07K","0.04%"
"06/15/2020","2.5975","2.5820","2.5895","2.5820","0.02K","-1.14%"
"06/12/2020","2.6275","2.6145","2.6440","2.6145","0.03K","0.67%"
"06/11/2020","2.6100","2.5935","2.5935","2.5935","0.07K","-2.56%"
"06/10/2020","2.6785","2.6790","2.6790","2.6790","0.02K","2.23%"
"06/09/2020","2.6200","2.6225","2.6225","2.6225","0.03K","1.26%"
"06/08/2020","2.5875","2.5840","2.5925","2.5840","0.04K","0.49%"
"06/05/2020","2.5750","2.5570","2.5610","2.5570","0.01K","2.67%"
"06/04/2020","2.5080","2.5155","2.5155","2.5155","0.02K","0.12%"
"06/03/2020","2.5050","2.5130","2.5130","2.5040","0.01K","-0.18%"
"06/02/2020","2.5095","2.5075","2.5075","2.5075","0.01K","0.82%"
"06/01/2020","2.4890","2.4540","2.4910","2.4540","0.03K","1.78%"
"05/29/2020","2.4455","2.4050","2.4585","2.3915","0.01K","0.49%"
"05/28/2020","2.4335","2.4085","2.4285","2.4075","0.02K","1.59%"
"05/27/2020","2.3955","2.4230","2.4330","2.3735","7.78K","-1.44%"
"05/26/2020","2.4305","2.4090","2.4480","2.3985","11.97K","1.02%"
"05/25/2020","2.4060","2.3980","2.4140","2.3860","","0.38%"
"05/24/2020","2.3970","2.3930","2.3990","2.3870","","-0.06%"
"05/22/2020","2.3985","2.4400","2.4400","2.3840","5.53K","-1.86%"
"05/21/2020","2.4440","2.4710","2.4780","2.4340","5.62K","-1.09%"
"05/20/2020","2.4710","2.4180","2.4745","2.4140","4.40K","1.71%"
"05/19/2020","2.4295","2.4375","2.4455","2.4130","6.38K","0.64%"
"05/18/2020","2.4140","2.3460","2.4365","2.3445","4.22K","3.12%"
"05/15/2020","2.3410","2.3685","2.3845","2.3390","4.48K","-0.64%"
"05/14/2020","2.3560","2.3660","2.3745","2.3270","4.44K","0.00%"
"05/13/2020","2.3560","2.3455","2.3845","2.3455","6.08K","-0.53%"
"05/12/2020","2.3685","2.3925","2.3950","2.3420","6.37K","-0.86%"
"05/11/2020","2.3890","2.4155","2.4380","2.3760","6.89K","-1.10%"
"05/08/2020","2.4155","2.3900","2.4375","2.3870","6.98K","1.09%"
"05/07/2020","2.3895","2.3465","2.4005","2.3455","8.85K","1.29%"
"05/06/2020","2.3590","2.3435","2.3765","2.3300","4.60K","0.66%"
"05/05/2020","2.3435","2.3295","2.3495","2.3185","5.15K","0.90%"
"05/04/2020","2.3225","2.3060","2.3320","2.2930","3.56K","0.11%"
"05/01/2020","2.3200","2.3475","2.3480","2.2950","4.07K","-1.38%"
"04/30/2020","2.3525","2.3840","2.4025","2.3445","5.69K","-1.11%"
"04/29/2020","2.3790","2.3505","2.3945","2.3490","3.46K","1.19%"
"04/28/2020","2.3510","2.3565","2.3565","2.3540","0.04K","0.02%"
"04/27/2020","2.3505","2.3550","2.3550","2.3550","0.07K","0.34%"
"04/24/2020","2.3425","2.3185","2.3185","2.3185","0.04K","0.77%"
"04/23/2020","2.3245","2.3315","2.3350","2.3315","0.12K","0.39%"
"04/22/2020","2.3155","2.2870","2.3150","2.2735","0.11K","1.85%"
"04/21/2020","2.2735","2.3120","2.3120","2.2320","0.18K","-3.01%"
"04/20/2020","2.3440","2.3630","2.3630","2.3430","0.04K","-0.80%"
"04/17/2020","2.3630","2.3585","2.3645","2.3585","0.01K","2.23%"
"04/16/2020","2.3115","2.2980","2.3190","2.2865","0.07K","-0.13%"
"04/15/2020","2.3145","2.3175","2.3175","2.3175","0.04K","-1.53%"
"04/14/2020","2.3505","2.3415","2.3495","2.3390","0.11K","1.01%"
"04/13/2020","2.3270","2.3375","2.3440","2.3335","0.07K","2.51%"
"04/10/2020","2.2700","2.2700","2.2700","2.2700","","-0.46%"
"04/09/2020","2.2805","2.2835","2.2835","2.2795","0.08K","0.15%"
"04/08/2020","2.2770","2.2665","2.2665","2.2665","0.09K","-0.28%"
"04/07/2020","2.2835","2.3145","2.3145","2.2820","0.05K","2.58%"
"04/06/2020","2.2260","2.2235","2.2340","2.2235","0.05K","1.16%"
"04/03/2020","2.2005","2.2285","2.2285","2.1960","0.03K","-1.23%"
"04/02/2020","2.2280","2.1720","2.2360","2.1505","0.02K","1.97%"
"04/01/2020","2.1850","2.2180","2.2180","2.1675","0.13K","-2.30%"
"03/31/2020","2.2365","2.1655","2.2480","2.1655","0.05K","3.23%"
"03/30/2020","2.1665","2.1755","2.1755","2.1585","0.04K","-0.46%"
"03/27/2020","2.1765","2.1880","2.2080","2.1620","9.85K","-0.30%"
"03/26/2020","2.1830","2.2045","2.2150","2.1640","9.11K","-1.11%"
"03/25/2020","2.2075","2.2005","2.2305","2.1535","10.14K","1.19%"
"03/24/2020","2.1815","2.0890","2.2375","2.0890","9.31K","3.88%"
"03/23/2020","2.1000","2.1350","2.1350","2.0240","8.15K","-3.29%"
"03/20/2020","2.1715","2.1500","2.2365","2.0965","10.06K","-0.75%"
"03/19/2020","2.1880","2.1670","2.2010","1.9795","10.62K","1.51%"
"03/18/2020","2.1555","2.3250","2.3450","2.1170","8.74K","-6.99%"
"03/17/2020","2.3175","2.3925","2.4280","2.3065","9.67K","-3.26%"
"03/16/2020","2.3955","2.5100","2.5160","2.3400","13.89K","-2.90%"
"03/13/2020","2.4670","2.4425","2.5305","2.4050","8.48K","-0.32%"
"03/12/2020","2.4750","2.4830","2.4900","2.4320","11.58K","-1.14%"
"03/11/2020","2.5035","2.5425","2.5425","2.4750","7.12K","-0.81%"
"03/10/2020","2.5240","2.4890","2.5650","2.4890","10.00K","0.48%"
"03/09/2020","2.5120","2.5400","2.5400","2.4600","13.13K","-1.89%"
"03/06/2020","2.5605","2.5745","2.5790","2.5360","23.87K","-0.58%"
"03/05/2020","2.5755","2.5910","2.6015","2.5650","6.17K","-0.48%"
"03/04/2020","2.5880","2.5815","2.6025","2.5740","7.32K","0.47%"
"03/03/2020","2.5760","2.6200","2.6250","2.5505","8.06K","-0.88%"
"03/02/2020","2.5990","2.5325","2.6140","2.5095","10.88K","2.14%"
"02/28/2020","2.5445","2.5650","2.5725","2.5110","10.17K","-1.11%"
"02/27/2020","2.5730","2.5695","2.5825","2.5285","8.03K","-0.08%"
"02/26/2020","2.5750","2.5650","2.5755","2.5500","0.07K","-0.35%"
"02/25/2020","2.5840","2.5820","2.5950","2.5765","0.10K","-0.10%"
"02/24/2020","2.5865","2.5860","2.5890","2.5700","0.09K","-1.22%"
"02/21/2020","2.6185","2.6025","2.6250","2.5915","0.12K","0.73%"
"02/20/2020","2.5995","2.6040","2.6045","2.5955","0.08K","-0.69%"
"02/19/2020","2.6175","2.6245","2.6245","2.5890","0.07K","0.10%"
"02/18/2020","2.6150","2.6200","2.6405","2.6095","0.12K","-0.19%"
"02/17/2020","2.6200","2.6070","2.6330","2.6020","","0.50%"
"02/16/2020","2.6070","2.5990","2.6100","2.5990","","-0.15%"
"02/14/2020","2.6110","2.6240","2.6240","2.6120","0.01K","-0.53%"
"02/13/2020","2.6250","2.6160","2.6325","2.5955","0.03K","0.46%"
"02/12/2020","2.6130","2.5960","2.6165","2.5960","0.12K","0.65%"
"02/11/2020","2.5960","2.5885","2.6145","2.5810","0.06K","1.31%"
"02/10/2020","2.5625","2.5830","2.5830","2.5560","0.03K","-0.12%"
"02/07/2020","2.5655","2.6090","2.6090","2.5600","0.05K","-1.50%"
"02/06/2020","2.6045","2.5970","2.6225","2.5970","0.17K","0.73%"
"02/05/2020","2.5855","2.5585","2.6075","2.5585","0.03K","1.27%"
"02/04/2020","2.5530","2.5570","2.5695","2.5475","0.35K","1.41%"
"02/03/2020","2.5175","2.5125","2.5525","2.5030","0.11K","-0.36%"
"01/31/2020","2.5265","2.5320","2.5320","2.5190","0.05K","-0.30%"
"01/30/2020","2.5340","2.5340","2.5580","2.5300","0.04K","-1.05%"
"01/29/2020","2.5610","2.5955","2.6130","2.5600","20.81K","-1.01%"
"01/28/2020","2.5870","2.6025","2.6150","2.5860","16.05K","-0.73%"
"01/27/2020","2.6060","2.6800","2.6800","2.6015","21.85K","-3.25%"
"01/24/2020","2.6935","2.7450","2.7450","2.6875","10.32K","-1.54%"
"01/23/2020","2.7355","2.7775","2.7810","2.7210","13.89K","-1.42%"
"01/22/2020","2.7750","2.8020","2.8140","2.7740","11.54K","-0.98%"
"01/21/2020","2.8025","2.8570","2.8680","2.7990","9.33K","-1.46%"
"01/20/2020","2.8440","2.8520","2.8610","2.8370","","-0.25%"
"01/19/2020","2.8510","2.8460","2.8510","2.8450","","-0.11%"
"01/17/2020","2.8540","2.8610","2.8830","2.8500","6.60K","-0.05%"
"01/16/2020","2.8555","2.8710","2.8930","2.8505","14.50K","-0.68%"
"01/15/2020","2.8750","2.8760","2.8775","2.8455","5.30K","-0.24%"
"01/14/2020","2.8820","2.8620","2.8825","2.8575","13.42K","0.45%"
"01/13/2020","2.8690","2.8225","2.8715","2.8200","14.25K","1.67%"
"01/10/2020","2.8220","2.8095","2.8435","2.8045","7.20K","0.39%"
"01/09/2020","2.8110","2.8170","2.8280","2.8045","8.54K","-0.35%"
"01/08/2020","2.8210","2.8030","2.8220","2.7730","9.62K","0.62%"
"01/07/2020","2.8035","2.7970","2.8110","2.7900","7.60K","0.16%"
"01/06/2020","2.7990","2.7800","2.8025","2.7745","8.73K","0.11%"
"01/03/2020","2.7960","2.8295","2.8300","2.7685","6.35K","-1.32%"
"01/02/2020","2.8335","2.8125","2.8395","2.8050","9.74K","0.98%"
"01/01/2020","2.8060","2.7980","2.8070","2.7980","","-0.05%"
"12/31/2019","2.8075","2.8280","2.8300","2.8065","4.01K","-1.25%"
"12/30/2019","2.8430","2.8320","2.8465","2.8280","6.15K","0.32%"
"12/27/2019","2.8340","2.8250","2.8250","2.8250","0.02K","-0.68%"
"12/26/2019","2.8535","2.8595","2.8595","2.8595","0.00K","0.55%"
"12/25/2019","2.8380","2.8250","2.8420","2.8250","","0.19%"
"12/24/2019","2.8325","2.8015","2.8265","2.8015","0.02K","0.68%"
"12/23/2019","2.8135","2.8105","2.8135","2.8095","0.17K","0.09%"
"12/20/2019","2.8110","2.8300","2.8300","2.8035","0.11K","-0.71%"
"12/19/2019","2.8310","2.8280","2.8280","2.8280","0.15K","0.50%"
"12/18/2019","2.8170","2.8150","2.8150","2.8140","0.18K","-0.05%"
"12/17/2019","2.8185","2.8185","2.8185","2.8185","0.13K","0.07%"
"12/16/2019","2.8165","2.8170","2.8200","2.8140","0.18K","1.08%"
"12/13/2019","2.7865","2.8250","2.8250","2.7870","0.06K","-0.55%"
"12/12/2019","2.8020","2.7755","2.8020","2.7755","0.12K","0.27%"
"12/11/2019","2.7945","2.7780","2.8005","2.7770","0.10K","0.85%"
"12/10/2019","2.7710","2.7680","2.7725","2.7680","0.10K","0.27%"
"12/09/2019","2.7635","2.7370","2.7370","2.7325","0.03K","1.23%"
"12/06/2019","2.7300","2.7035","2.7345","2.7035","0.05K","2.34%"
"12/05/2019","2.6675","2.6470","2.6655","2.6445","0.03K","0.17%"
"12/04/2019","2.6630","2.6585","2.6585","2.6585","0.03K","1.33%"
"12/03/2019","2.6280","2.6400","2.6400","2.6275","0.01K","-1.04%"
"12/02/2019","2.6555","2.6575","2.6625","2.6550","0.14K","-0.39%"
"11/29/2019","2.6660","2.6815","2.6830","2.6425","0.00K","-0.15%"
"11/28/2019","2.6700","2.6940","2.6950","2.6670","","-1.13%"
"11/27/2019","2.7005","2.7045","2.7045","2.7045","0.02K","0.11%"
"11/26/2019","2.6975","2.6605","2.6985","2.6525","48.30K","1.33%"
"11/25/2019","2.6620","2.6560","2.6815","2.6480","45.08K","0.11%"
"11/22/2019","2.6590","2.6375","2.6625","2.6290","38.35K","0.87%"
"11/21/2019","2.6360","2.6590","2.6590","2.6335","41.48K","-0.92%"
"11/20/2019","2.6605","2.6660","2.6775","2.6520","29.17K","-0.30%"
"11/19/2019","2.6685","2.6330","2.6745","2.6300","36.19K","1.31%"
"11/18/2019","2.6340","2.6520","2.6615","2.6290","32.16K","-0.66%"
"11/15/2019","2.6515","2.6395","2.6555","2.6365","20.08K","0.63%"
"11/14/2019","2.6350","2.6485","2.6695","2.6280","28.00K","-0.60%"
"11/13/2019","2.6510","2.6570","2.6625","2.6450","22.59K","-0.21%"
"11/12/2019","2.6565","2.6720","2.6930","2.6540","23.30K","-0.65%"
"11/11/2019","2.6740","2.6990","2.6990","2.6660","21.63K","-0.65%"
"11/08/2019","2.6915","2.7200","2.7300","2.6855","23.07K","-1.64%"
"11/07/2019","2.7365","2.6810","2.7385","2.6755","34.71K","2.34%"
"11/06/2019","2.6740","2.7085","2.7085","2.6700","15.12K","-1.29%"
"11/05/2019","2.7090","2.6720","2.7235","2.6720","26.95K","1.10%"
"11/04/2019","2.6795","2.6710","2.6845","2.6625","9.34K","0.68%"
"11/01/2019","2.6615","2.6460","2.6725","2.6410","8.91K","0.55%"
"10/31/2019","2.6470","2.6905","2.6960","2.6380","16.29K","-1.76%"
"10/30/2019","2.6945","2.7005","2.7040","2.6695","9.54K","-0.19%"
"10/29/2019","2.6995","2.6905","2.6905","2.6905","0.02K","0.32%"
"10/28/2019","2.6910","2.6900","2.6910","2.6875","0.02K","0.30%"
"10/25/2019","2.6830","2.6915","2.6915","2.6910","0.03K","0.30%"
"10/24/2019","2.6750","2.6740","2.6745","2.6740","0.13K","-0.13%"
"10/23/2019","2.6785","2.6435","2.6740","2.6435","0.11K","1.36%"
"10/22/2019","2.6425","2.6485","2.6485","2.6430","0.27K","-0.45%"
"10/21/2019","2.6545","2.6525","2.6525","2.6525","0.05K","0.42%"
"10/18/2019","2.6435","2.6400","2.6405","2.6375","0.03K","1.46%"
"10/17/2019","2.6055","2.5820","2.6095","2.5735","0.02K","0.31%"
"10/16/2019","2.5975","2.5910","2.5945","2.5910","0.01K","-0.92%"
"10/15/2019","2.6215","2.6260","2.6260","2.6035","0.02K","-0.76%"
"10/14/2019","2.6415","2.6210","2.6210","2.6210","0.05K","0.25%"
"10/11/2019","2.6350","2.6135","2.6300","2.6120","0.09K","0.59%"
"10/10/2019","2.6195","2.6140","2.6140","2.6140","0.05K","1.71%"
"10/09/2019","2.5755","2.5810","2.5810","2.5810","0.02K","-0.04%"
"10/08/2019","2.5765","2.5715","2.5715","2.5715","0.19K","-0.27%"
"10/07/2019","2.5835","2.5890","2.5900","2.5875","0.21K","0.56%"
"10/04/2019","2.5690","2.5430","2.5720","2.5430","0.16K","0.31%"
"10/03/2019","2.5610","2.5555","2.5630","2.5530","0.09K","-0.70%"
"10/02/2019","2.5790","2.5855","2.5855","2.5855","0.10K","0.37%"
"10/01/2019","2.5695","2.5440","2.5715","2.5440","0.27K","-0.73%"
"09/30/2019","2.5885","2.5845","2.5845","2.5845","0.07K","-0.73%"
"09/27/2019","2.6075","2.6060","2.6060","2.6060","0.04K","0.93%"
"09/26/2019","2.5835","2.5980","2.5990","2.5620","0.16K","-1.30%"
"09/25/2019","2.6175","2.6035","2.6180","2.6010","0.18K","0.19%"
"09/24/2019","2.6125","2.6145","2.6225","2.6140","0.02K","-0.19%"
"09/23/2019","2.6175","2.6090","2.6090","2.6040","0.08K","0.19%"
"09/20/2019","2.6125","2.6215","2.6230","2.6175","0.04K","-0.10%"
"09/19/2019","2.6150","2.6190","2.6190","2.6175","0.03K","-0.15%"
"09/18/2019","2.6190","2.6225","2.6240","2.6210","0.18K","-0.55%"
"09/17/2019","2.6335","2.6225","2.6340","2.6200","0.09K","-0.53%"
"09/16/2019","2.6475","2.6790","2.6805","2.6570","0.11K","-2.16%"
"09/13/2019","2.7060","2.6720","2.6720","2.6720","0.06K","2.23%"
"09/12/2019","2.6470","2.6270","2.6270","2.6270","0.04K","0.97%"
"09/11/2019","2.6215","2.6190","2.6190","2.6190","0.09K","-0.49%"
"09/10/2019","2.6345","2.6150","2.6260","2.6150","0.09K","0.02%"
"09/09/2019","2.6340","2.6250","2.6250","2.6250","0.23K","-0.25%"
"09/06/2019","2.6405","2.6420","2.6470","2.6370","0.11K","-0.30%"
"09/05/2019","2.6485","2.5975","2.6470","2.5975","0.04K","1.83%"
"09/04/2019","2.6010","2.5870","2.6005","2.5870","0.03K","2.64%"
"09/03/2019","2.5340","2.5000","2.5355","2.5000","0.02K","0.08%"
"09/02/2019","2.5320","2.5520","2.5670","2.5280","","-0.78%"
"09/01/2019","2.5520","2.5570","2.5570","2.5470","","-0.23%"
"08/30/2019","2.5580","2.5570","2.5630","2.5570","0.01K","-0.99%"
"08/29/2019","2.5835","2.5725","2.5820","2.5725","0.03K","0.74%"
"08/28/2019","2.5645","2.5545","2.5745","2.5455","70.65K","0.45%"
"08/27/2019","2.5530","2.5445","2.5770","2.5355","64.33K","0.12%"
"08/26/2019","2.5500","2.5250","2.5570","2.4990","43.71K","0.49%"
"08/23/2019","2.5375","2.5670","2.5835","2.5320","56.09K","-1.09%"
"08/22/2019","2.5655","2.5855","2.5905","2.5565","47.82K","-1.02%"
"08/21/2019","2.5920","2.5830","2.5970","2.5795","41.95K","0.31%"
"08/20/2019","2.5840","2.6055","2.6095","2.5770","21.57K","-0.92%"
"08/19/2019","2.6080","2.6010","2.6320","2.5960","22.99K","0.23%"
"08/16/2019","2.6020","2.6015","2.6125","2.5915","10.75K","-0.02%"
"08/15/2019","2.6025","2.5975","2.6140","2.5820","16.53K","0.12%"
"08/14/2019","2.5995","2.6405","2.6420","2.5880","21.94K","-1.46%"
"08/13/2019","2.6380","2.5885","2.6500","2.5755","33.69K","1.74%"
"08/12/2019","2.5930","2.6015","2.6185","2.5750","27.02K","-0.15%"
"08/09/2019","2.5970","2.6050","2.6245","2.5900","17.41K","-0.69%"
"08/08/2019","2.6150","2.5950","2.6220","2.5810","21.36K","1.40%"
"08/07/2019","2.5790","2.5735","2.5990","2.5510","29.25K","0.53%"
"08/06/2019","2.5655","2.5535","2.5770","2.5450","20.50K","0.47%"
"08/05/2019","2.5535","2.5760","2.5870","2.5435","21.99K","-1.12%"
"08/02/2019","2.5825","2.6295","2.6385","2.5720","22.70K","-3.46%"
"08/01/2019","2.6750","2.6690","2.6765","2.6300","17.38K","-0.04%"
"07/31/2019","2.6760","2.6890","2.7000","2.6680","19.34K","-0.45%"
"07/30/2019","2.6880","2.7285","2.7320","2.6850","13.38K","-1.34%"
"07/29/2019","2.7245","2.7100","2.7245","2.7100","0.13K","1.15%"
"07/26/2019","2.6935","2.7015","2.7055","2.6940","0.18K","-0.72%"
"07/25/2019","2.7130","2.7355","2.7390","2.7115","0.09K","-0.26%"
"07/24/2019","2.7200","2.7180","2.7245","2.7180","0.09K","0.46%"
"07/23/2019","2.7075","2.7325","2.7325","2.7020","0.04K","-0.84%"
"07/22/2019","2.7305","2.7380","2.7395","2.7310","0.59K","-1.09%"
"07/19/2019","2.7605","2.7280","2.7965","2.7280","0.17K","1.60%"
"07/18/2019","2.7170","2.7100","2.7205","2.7100","0.09K","-0.22%"
"07/17/2019","2.7230","2.7090","2.7180","2.7010","0.10K","0.59%"
"07/16/2019","2.7070","2.7030","2.7030","2.7030","0.16K","-0.39%"
"07/15/2019","2.7175","2.6960","2.7125","2.6960","0.06K","0.57%"
"07/12/2019","2.7020","2.6930","2.6930","2.6930","0.17K","0.26%"
"07/11/2019","2.6950","2.7000","2.7000","2.6940","0.37K","-0.20%"
"07/10/2019","2.7005","2.6845","2.6850","2.6845","0.15K","2.56%"
"07/09/2019","2.6330","2.6450","2.6450","2.6345","0.07K","-1.27%"
"07/08/2019","2.6670","2.6925","2.6925","2.6830","0.18K","-0.06%"
"07/05/2019","2.6685","2.6675","2.6675","2.6590","0.13K","-0.43%"
"07/04/2019","2.6800","2.6850","2.6870","2.6700","","-0.37%"
"07/03/2019","2.6900","2.6500","2.6920","2.6500","0.38K","0.62%"
"07/02/2019","2.6735","2.6975","2.6975","2.6705","0.28K","-0.87%"
"07/01/2019","2.6970","2.7480","2.7550","2.6765","0.05K","-0.92%"
"06/28/2019","2.7220","2.7235","2.7250","2.7230","0.16K","-0.07%"
"06/27/2019","2.7240","2.7260","2.7260","2.7260","0.21K","0.20%"
"06/26/2019","2.7185","2.7260","2.7260","2.7175","0.21K","-0.69%"
"06/25/2019","2.7375","2.7430","2.7455","2.7430","0.19K","1.11%"
"06/24/2019","2.7075","2.7125","2.7125","2.7060","0.08K","0.06%"
"06/21/2019","2.7060","2.7185","2.7185","2.7040","0.36K","-0.29%"
"06/20/2019","2.7140","2.7200","2.7235","2.7150","0.08K","1.17%"
"06/19/2019","2.6825","2.6945","2.6985","2.6825","0.12K","-0.76%"
"06/18/2019","2.7030","2.6850","2.7065","2.6850","0.26K","2.10%"
"06/17/2019","2.6475","2.6490","2.6570","2.6490","0.43K","0.55%"
"06/14/2019","2.6330","2.6365","2.6365","2.6345","0.04K","-1.02%"
"06/13/2019","2.6600","2.6455","2.6605","2.6435","0.34K","0.04%"
"06/12/2019","2.6590","2.6755","2.6755","2.6500","0.05K","-0.67%"
"06/11/2019","2.6770","2.6725","2.6985","2.6725","0.07K","0.41%"
"06/10/2019","2.6660","2.6400","2.6690","2.6400","0.14K","1.27%"
"06/07/2019","2.6325","2.6330","2.6340","2.6220","0.31K","-0.81%"
"06/06/2019","2.6540","2.6470","2.6470","2.6460","0.05K","0.99%"
"06/05/2019","2.6280","2.6665","2.6745","2.6205","0.04K","-1.72%"
"06/04/2019","2.6740","2.6560","2.6700","2.6550","0.05K","0.70%"
"06/03/2019","2.6555","2.6290","2.6675","2.6290","0.09K","0.42%"
"05/31/2019","2.6445","2.6580","2.6580","2.6465","0.34K","-0.69%"
"05/30/2019","2.6630","2.6825","2.6855","2.6500","0.16K","-0.19%"
"05/29/2019","2.6680","2.6980","2.7000","2.6620","9.30K","-1.15%"
"05/28/2019","2.6990","2.7040","2.7200","2.6930","7.76K","-0.52%"
"05/27/2019","2.7130","2.7000","2.7170","2.6960","","0.44%"
"05/26/2019","2.7010","2.6990","2.7030","2.6950","","-0.06%"
"05/24/2019","2.7025","2.6835","2.7110","2.6835","6.63K","0.71%"
"05/23/2019","2.6835","2.6805","2.6910","2.6600","10.53K","0.02%"
"05/22/2019","2.6830","2.7175","2.7225","2.6750","9.65K","-1.31%"
"05/21/2019","2.7185","2.7295","2.7440","2.7100","6.76K","-0.37%"
"05/20/2019","2.7285","2.7370","2.7495","2.7145","4.32K","-0.47%"
"05/17/2019","2.7415","2.7540","2.7550","2.7245","7.61K","-0.33%"
"05/16/2019","2.7505","2.7465","2.7790","2.7400","6.89K","0.26%"
"05/15/2019","2.7435","2.7265","2.7535","2.7190","8.51K","0.57%"
"05/14/2019","2.7280","2.7225","2.7405","2.7175","10.54K","0.22%"
"05/13/2019","2.7220","2.7710","2.7710","2.7125","9.14K","-2.00%"
"05/10/2019","2.7775","2.7710","2.8000","2.7605","7.28K","0.11%"
"05/09/2019","2.7745","2.7725","2.7800","2.7370","11.48K","-0.14%"
"05/08/2019","2.7785","2.7915","2.8140","2.7660","14.23K","-0.41%"
"05/07/2019","2.7900","2.8335","2.8460","2.7815","14.40K","-1.64%"
"05/06/2019","2.8365","2.8085","2.8535","2.7500","4.11K","0.44%"
"05/03/2019","2.8240","2.7900","2.8370","2.7855","11.00K","1.38%"
"05/02/2019","2.7855","2.8045","2.8140","2.7785","12.27K","-0.89%"
"05/01/2019","2.8105","2.9135","2.9215","2.7960","13.15K","-3.54%"
"04/30/2019","2.9135","2.9020","2.9325","2.8895","6.49K","0.26%"
"04/29/2019","2.9060","2.9060","2.9145","2.8825","6.85K","0.21%"
"04/26/2019","2.9000","2.8930","2.8955","2.8900","0.11K","0.94%"
"04/25/2019","2.8730","2.8900","2.8915","2.8725","0.16K","-1.66%"
"04/24/2019","2.9215","2.9000","2.9205","2.9000","0.20K","0.53%"
"04/23/2019","2.9060","2.9020","2.9085","2.8930","0.02K","-0.27%"
"04/22/2019","2.9140","2.9310","2.9310","2.9160","0.05K","-0.14%"
"04/19/2019","2.9180","2.9180","2.9180","2.9180","","-0.49%"
"04/18/2019","2.9325","2.9380","2.9390","2.9355","0.18K","-1.56%"
"04/17/2019","2.9790","2.9770","2.9980","2.9730","0.13K","1.17%"
"04/16/2019","2.9445","2.9445","2.9510","2.9440","0.07K","-0.10%"
"04/15/2019","2.9475","2.9575","2.9575","2.9320","0.07K","-0.32%"
"04/12/2019","2.9570","2.8945","2.9565","2.8930","0.13K","1.93%"
"04/11/2019","2.9010","2.9055","2.9065","2.9055","0.28K","-1.28%"
"04/10/2019","2.9385","2.9325","2.9425","2.9110","0.21K","-0.24%"
"04/09/2019","2.9455","2.9575","2.9575","2.9440","0.06K","0.05%"
"04/08/2019","2.9440","2.9460","2.9480","2.9350","0.10K","1.27%"
"04/05/2019","2.9070","2.9180","2.9180","2.9040","0.04K","-0.50%"
"04/04/2019","2.9215","2.9175","2.9280","2.9175","0.02K","-1.27%"
"04/03/2019","2.9590","2.9530","2.9530","2.9510","0.01K","1.39%"
"04/02/2019","2.9185","2.9255","2.9255","2.9195","0.05K","-0.60%"
"04/01/2019","2.9360","2.9625","2.9680","2.9385","0.05K","-0.31%"
"03/29/2019","2.9450","2.9435","2.9440","2.9435","0.05K","2.08%"
"03/28/2019","2.8850","2.8645","2.8915","2.8645","0.00K","0.51%"
"03/27/2019","2.8705","2.8730","2.8835","2.8515","8.92K","0.30%"
"03/26/2019","2.8620","2.8665","2.8745","2.8565","10.33K","-0.14%"
"03/25/2019","2.8660","2.8535","2.8690","2.8435","9.34K","0.47%"
"03/22/2019","2.8525","2.9170","2.9230","2.8505","20.91K","-2.14%"
"03/21/2019","2.9150","2.9390","2.9760","2.9015","10.99K","-0.51%"
"03/20/2019","2.9300","2.9270","2.9500","2.9160","11.63K","-0.02%"
"03/19/2019","2.9305","2.9195","2.9510","2.9160","10.91K","0.46%"
"03/18/2019","2.9170","2.9165","2.9380","2.9070","8.08K","0.14%"
"03/15/2019","2.9130","2.8940","2.9310","2.8905","6.98K","0.55%"
"03/14/2019","2.8970","2.9370","2.9390","2.8880","7.55K","-1.46%"
"03/13/2019","2.9400","2.9370","2.9435","2.9205","6.79K","0.22%"
"03/12/2019","2.9335","2.9130","2.9610","2.9130","9.91K","0.93%"
"03/11/2019","2.9065","2.8955","2.9160","2.8920","6.02K","0.24%"
"03/08/2019","2.8995","2.9215","2.9245","2.8820","9.08K","-0.62%"
"03/07/2019","2.9175","2.9305","2.9340","2.9020","9.44K","-0.27%"
"03/06/2019","2.9255","2.9395","2.9505","2.9230","11.56K","-0.48%"
"03/05/2019","2.9395","2.9160","2.9565","2.9145","8.51K","0.82%"
"03/04/2019","2.9155","2.9470","2.9575","2.9020","6.83K","-0.77%"
"03/01/2019","2.9380","2.9505","2.9825","2.9280","7.30K","-0.54%"
"02/28/2019","2.9540","2.9720","2.9730","2.9445","9.07K","-0.47%"
"02/27/2019","2.9680","2.9530","2.9770","2.9410","8.31K","0.52%"
"02/26/2019","2.9525","2.9525","2.9620","2.9405","0.12K","0.02%"
"02/25/2019","2.9520","2.9540","2.9745","2.9500","0.27K","0.12%"
"02/22/2019","2.9485","2.9045","2.9500","2.9000","0.10K","1.67%"
"02/21/2019","2.9000","2.9000","2.9020","2.9000","0.11K","-0.68%"
"02/20/2019","2.9200","2.8835","2.9230","2.8785","0.11K","1.42%"
"02/19/2019","2.8790","2.8300","2.8795","2.8300","0.11K","1.44%"
"02/18/2019","2.8380","2.8160","2.8480","2.8030","","0.78%"
"02/17/2019","2.8160","2.8150","2.8170","2.8110","","0.30%"
"02/15/2019","2.8075","2.7730","2.8245","2.7730","0.02K","0.83%"
"02/14/2019","2.7845","2.8015","2.8015","2.7720","0.05K","0.13%"
"02/13/2019","2.7810","2.7810","2.7905","2.7750","0.03K","0.07%"
"02/12/2019","2.7790","2.8005","2.8005","2.7660","0.15K","-0.68%"
"02/11/2019","2.7980","2.8225","2.8255","2.7920","0.06K","-0.83%"
"02/08/2019","2.8215","2.8275","2.8390","2.8275","0.01K","-0.60%"
"02/07/2019","2.8385","2.8375","2.8375","2.8370","0.03K","-0.25%"
"02/06/2019","2.8455","2.8480","2.8480","2.8475","0.01K","0.64%"
"02/05/2019","2.8275","2.8115","2.8500","2.8115","0.05K","0.78%"
"02/04/2019","2.8055","2.8000","2.8080","2.8000","0.03K","0.68%"
"02/01/2019","2.7865","2.7875","2.7885","2.7835","0.02K","-0.43%"
"01/31/2019","2.7985","2.7860","2.8035","2.7860","0.02K","0.68%"
"01/30/2019","2.7795","2.7210","2.7865","2.7165","92.17K","1.68%"
"01/29/2019","2.7335","2.6890","2.7340","2.6875","12.69K","1.67%"
"01/28/2019","2.6885","2.7395","2.7400","2.6860","14.54K","-1.74%"
"01/25/2019","2.7360","2.6535","2.7430","2.6535","16.49K","3.13%"
"01/24/2019","2.6530","2.6640","2.6730","2.6445","10.25K","-0.39%"
"01/23/2019","2.6635","2.6705","2.6840","2.6565","11.35K","-0.15%"
"01/22/2019","2.6675","2.7200","2.7205","2.6600","12.61K","-0.54%"
"01/21/2019","2.6820","2.7090","2.7100","2.6750","","-1.00%"
"01/20/2019","2.7090","2.7120","2.7160","2.7090","","-0.59%"
"01/18/2019","2.7250","2.7030","2.7320","2.6945","9.44K","1.43%"
"01/17/2019","2.6865","2.6765","2.7180","2.6645","10.43K","0.28%"
"01/16/2019","2.6790","2.6485","2.6850","2.6430","10.84K","1.46%"
"01/15/2019","2.6405","2.6395","2.6700","2.6375","9.54K","-0.13%"
"01/14/2019","2.6440","2.6630","2.6700","2.6265","13.29K","-1.03%"
"01/11/2019","2.6715","2.6430","2.6755","2.6430","12.22K","0.96%"
"01/10/2019","2.6460","2.6680","2.6770","2.6380","13.26K","-0.71%"
"01/09/2019","2.6650","2.6585","2.6930","2.6575","13.96K","0.06%"
"01/08/2019","2.6635","2.6420","2.6650","2.6290","13.72K","0.81%"
"01/07/2019","2.6420","2.6500","2.6620","2.6370","5.48K","-0.40%"
"01/04/2019","2.6525","2.5820","2.6585","2.5760","5.26K","3.05%"
"01/03/2019","2.5740","2.6115","2.6260","2.5520","11.35K","-2.15%"
"01/02/2019","2.6305","2.6630","2.6800","2.6020","10.85K","-0.81%"
"01/01/2019","2.6520","2.6430","2.6540","2.6380","","0.57%"
"12/31/2018","2.6370","2.6845","2.7075","2.6305","3.42K","-1.84%"
"12/28/2018","2.6865","2.6870","2.7280","2.6780","3.52K","0.49%"
"12/27/2018","2.6735","2.6975","2.6975","2.6690","0.01K","-1.18%"
"12/26/2018","2.7055","2.6500","2.7035","2.6500","0.01K","1.67%"
"12/25/2018","2.6610","2.6640","2.6710","2.6490","","-0.19%"
"12/24/2018","2.6660","2.6690","2.6690","2.6690","0.01K","-0.49%"
"12/21/2018","2.6790","2.6825","2.6885","2.6825","0.04K","-0.85%"
"12/20/2018","2.7020","2.6995","2.7090","2.6875","0.03K","-0.68%"
"12/19/2018","2.7205","2.6675","2.7205","2.6675","0.02K","1.91%"
"12/18/2018","2.6695","2.7180","2.7180","2.6600","0.12K","-3.26%"
"12/17/2018","2.7595","2.7420","2.7550","2.7300","0.01K","-0.27%"
"12/14/2018","2.7670","2.7580","2.7625","2.7580","0.01K","-0.11%"
"12/13/2018","2.7700","2.7750","2.7905","2.7750","0.02K","-0.13%"
"12/12/2018","2.7735","2.7715","2.7720","2.7685","0.01K","0.11%"
"12/11/2018","2.7705","2.7315","2.7670","2.7315","0.01K","1.71%"
"12/10/2018","2.7240","2.7405","2.7405","2.7285","0.01K","-1.41%"
"12/07/2018","2.7630","2.7660","2.7680","2.7555","0.02K","0.56%"
"12/06/2018","2.7475","2.7310","2.7355","2.7285","0.10K","-1.13%"
"12/05/2018","2.7790","2.7735","2.7820","2.7735","0.00K","0.43%"
"12/04/2018","2.7670","2.7600","2.7600","2.7595","0.01K","-1.69%"
"12/03/2018","2.8145","2.8060","2.8060","2.8060","0.02K","0.86%"
"11/30/2018","2.7905","2.7900","2.7935","2.7900","0.01K","-0.09%"
"11/29/2018","2.7930","2.7985","2.7985","2.7985","0.00K","-0.73%"
"11/28/2018","2.8135","2.7355","2.8200","2.7355","64.99K","3.21%"
"11/27/2018","2.7260","2.7640","2.7695","2.7250","58.60K","-1.69%"
"11/26/2018","2.7730","2.7740","2.7985","2.7560","37.30K","-0.45%"
"11/23/2018","2.7855","2.7985","2.8150","2.7650","35.41K","-0.45%"
"11/22/2018","2.7980","2.7830","2.8010","2.7720","","-0.36%"
"11/21/2018","2.8080","2.7635","2.8130","2.7620","25.77K","1.13%"
"11/20/2018","2.7765","2.8060","2.8480","2.7500","49.35K","-1.07%"
"11/19/2018","2.8065","2.7975","2.8155","2.7705","33.72K","-0.12%"
"11/16/2018","2.8100","2.7610","2.8135","2.7485","33.26K","1.70%"
"11/15/2018","2.7630","2.7290","2.7820","2.7210","21.45K","1.28%"
"11/14/2018","2.7280","2.7025","2.7390","2.6850","19.18K","0.83%"
"11/13/2018","2.7055","2.6850","2.7660","2.6830","25.63K","0.41%"
"11/12/2018","2.6945","2.6970","2.7155","2.6840","26.90K","-0.20%"
"11/09/2018","2.7000","2.7440","2.7460","2.6925","28.40K","-1.85%"
"11/08/2018","2.7510","2.7570","2.7635","2.7200","22.71K","-0.69%"
"11/07/2018","2.7700","2.7460","2.7890","2.7460","22.55K","0.76%"
"11/06/2018","2.7490","2.7710","2.7945","2.7415","12.88K","-0.90%"
"11/05/2018","2.7740","2.8345","2.8350","2.7640","12.57K","-1.74%"
"11/02/2018","2.8230","2.7355","2.8360","2.7200","19.15K","3.07%"
"11/01/2018","2.7390","2.6710","2.7445","2.6620","13.62K","2.28%"
"10/31/2018","2.6780","2.6905","2.6990","2.6660","15.57K","-0.22%"
"10/30/2018","2.6840","2.7310","2.7530","2.6815","14.51K","-2.63%"
"10/29/2018","2.7565","2.7730","2.7730","2.7375","0.10K","-0.02%"
"10/26/2018","2.7570","2.7480","2.7590","2.7480","0.05K","-0.51%"
"10/25/2018","2.7710","2.7340","2.7870","2.7340","0.02K","-0.11%"
"10/24/2018","2.7740","2.7815","2.7815","2.7780","0.10K","-0.05%"
"10/23/2018","2.7755","2.7710","2.7760","2.7645","0.21K","-0.93%"
"10/22/2018","2.8015","2.8095","2.8095","2.7980","0.04K","0.25%"
"10/19/2018","2.7945","2.7610","2.7610","2.7590","0.17K","1.09%"
"10/18/2018","2.7645","2.7565","2.7565","2.7540","0.14K","-1.11%"
"10/17/2018","2.7955","2.7975","2.7975","2.7975","0.09K","-0.07%"
"10/16/2018","2.7975","2.7960","2.7960","2.7950","0.12K","-0.30%"
"10/15/2018","2.8060","2.8210","2.8210","2.8210","0.01K","-0.37%"
"10/12/2018","2.8165","2.8110","2.8230","2.8110","0.08K","-0.12%"
"10/11/2018","2.8200","2.7400","2.8200","2.7325","0.07K","0.80%"
"10/10/2018","2.7975","2.8255","2.8270","2.7830","0.04K","-0.94%"
"10/09/2018","2.8240","2.8065","2.8300","2.8065","0.00K","1.38%"
"10/08/2018","2.7855","2.7800","2.7865","2.7700","0.04K","0.16%"
"10/05/2018","2.7810","2.7825","2.7825","2.7790","0.02K","-0.52%"
"10/04/2018","2.7955","2.8670","2.8730","2.8670","0.02K","-2.00%"
"10/03/2018","2.8525","2.8245","2.8520","2.8245","0.01K","0.99%"
"10/02/2018","2.8245","2.8160","2.8160","2.8160","0.01K","0.68%"
"10/01/2018","2.8055","2.7970","2.7970","2.7970","0.01K","-0.60%"
"09/28/2018","2.8225","2.7990","2.8195","2.7970","0.11K","0.79%"
"09/27/2018","2.8005","2.8280","2.8320","2.8280","0.10K","-1.34%"
"09/26/2018","2.8385","2.8355","2.8355","2.8310","0.29K","0.16%"
"09/25/2018","2.8340","2.8200","2.8425","2.8080","0.28K","-0.42%"
"09/24/2018","2.8460","2.8630","2.8630","2.8500","0.46K","-0.72%"
"09/21/2018","2.8665","2.7710","2.8675","2.7710","0.62K","4.26%"
"09/20/2018","2.7495","2.7430","2.7750","2.7375","0.06K","0.37%"
"09/19/2018","2.7395","2.7410","2.7530","2.7365","0.07K","-0.04%"
"09/18/2018","2.7405","2.6000","2.7470","2.6000","0.21K","2.99%"
"09/17/2018","2.6610","2.6255","2.6640","2.6255","0.07K","0.19%"
"09/14/2018","2.6560","2.7025","2.7035","2.6500","0.17K","-1.37%"
"09/13/2018","2.6930","2.7020","2.7130","2.6965","0.03K","0.26%"
"09/12/2018","2.6860","2.6390","2.6910","2.6230","0.11K","2.09%"
"09/11/2018","2.6310","2.6000","2.6285","2.6000","0.07K","-0.27%"
"09/10/2018","2.6380","2.6235","2.6380","2.6235","0.01K","0.21%"
"09/07/2018","2.6325","2.6570","2.6600","2.6570","0.01K","-0.55%"
"09/06/2018","2.6470","2.6400","2.6735","2.6400","0.16K","1.01%"
"09/05/2018","2.6205","2.6235","2.6235","2.6185","0.02K","0.29%"
"09/04/2018","2.6130","2.6735","2.6780","2.5955","0.09K","-2.55%"
"08/31/2018","2.6815","2.7045","2.7045","2.6885","0.04K","-1.69%"
"08/30/2018","2.7275","2.6980","2.7220","2.6980","0.08K","-0.33%"
"08/29/2018","2.7365","2.7445","2.7575","2.7195","73.26K","-0.80%"
"08/28/2018","2.7585","2.7300","2.7665","2.7135","66.85K","0.97%"
"08/27/2018","2.7320","2.7230","2.7420","2.7160","33.53K","0.33%"
"08/24/2018","2.7230","2.6680","2.7390","2.6645","46.93K","1.70%"
"08/23/2018","2.6775","2.6875","2.6885","2.6350","50.27K","-0.59%"
"08/22/2018","2.6935","2.7040","2.7100","2.6700","36.65K","-0.66%"
"08/21/2018","2.7115","2.6820","2.7210","2.6820","25.37K","0.95%"
"08/20/2018","2.6860","2.6765","2.7005","2.6600","26.54K","1.45%"
"08/17/2018","2.6475","2.6250","2.6875","2.6180","23.68K","0.47%"
"08/16/2018","2.6350","2.6045","2.6615","2.5850","50.99K","2.05%"
"08/15/2018","2.5820","2.7065","2.7095","2.5745","33.69K","-4.51%"
"08/14/2018","2.7040","2.7525","2.7610","2.7000","22.23K","-1.76%"
"08/13/2018","2.7525","2.7625","2.7790","2.7350","25.15K","-0.42%"
"08/10/2018","2.7640","2.7860","2.7945","2.7530","22.55K","-0.81%"
"08/09/2018","2.7865","2.7740","2.8380","2.7720","28.11K","0.56%"
"08/08/2018","2.7710","2.7750","2.7940","2.7570","29.79K","-0.05%"
"08/07/2018","2.7725","2.7440","2.7870","2.7425","28.41K","0.74%"
"08/06/2018","2.7520","2.7715","2.7795","2.7290","17.75K","-1.20%"
"08/03/2018","2.7855","2.7545","2.8055","2.7320","14.55K","0.92%"
"08/02/2018","2.7600","2.7705","2.7820","2.7305","16.46K","-0.38%"
"08/01/2018","2.7705","2.8465","2.8500","2.7500","17.47K","-2.89%"
"07/31/2018","2.8530","2.8165","2.8625","2.7925","22.71K","1.37%"
"07/30/2018","2.8145","2.8290","2.8310","2.7815","14.19K","-0.14%"
"07/27/2018","2.8185","2.8235","2.8410","2.8115","0.17K","-0.53%"
"07/26/2018","2.8335","2.8800","2.8800","2.8240","0.18K","-0.02%"
"07/25/2018","2.8340","2.8200","2.8485","2.8125","0.09K","0.25%"
"07/24/2018","2.8270","2.7580","2.8255","2.7520","0.13K","2.33%"
"07/23/2018","2.7625","2.7700","2.7785","2.7585","0.04K","-0.34%"
"07/20/2018","2.7720","2.7510","2.7685","2.7505","0.11K","2.21%"
"07/19/2018","2.7120","2.6980","2.7220","2.6980","0.02K","-2.34%"
"07/18/2018","2.7770","2.7520","2.7825","2.7520","0.12K","0.45%"
"07/17/2018","2.7645","2.7670","2.7670","2.7655","0.01K","-0.61%"
"07/16/2018","2.7815","2.7700","2.7845","2.7700","0.03K","-0.41%"
"07/13/2018","2.7930","2.7885","2.7975","2.7885","0.01K","-0.07%"
"07/12/2018","2.7950","2.7695","2.7935","2.7695","0.01K","1.23%"
"07/11/2018","2.7610","2.8480","2.8480","2.7500","0.14K","-3.38%"
"07/10/2018","2.8575","2.8600","2.8600","2.8480","0.32K","-0.35%"
"07/09/2018","2.8675","2.8790","2.8845","2.8705","0.06K","0.93%"
"07/06/2018","2.8410","2.8240","2.8385","2.8240","0.20K","-0.07%"
"07/05/2018","2.8430","2.8780","2.8900","2.8390","0.15K","-3.07%"
"07/03/2018","2.9330","2.9680","2.9680","2.9320","0.07K","-0.91%"
"07/02/2018","2.9600","2.9700","2.9700","2.9550","0.01K","-0.72%"
"06/29/2018","2.9815","2.9845","2.9845","2.9815","0.06K","-0.18%"
"06/28/2018","2.9870","3.0180","3.0180","2.9770","0.13K","-0.93%"
"06/27/2018","3.0150","3.0100","3.0300","3.0005","0.96K","-0.30%"
"06/26/2018","3.0240","3.0150","3.0285","3.0095","1.51K","0.18%"
"06/25/2018","3.0185","3.0445","3.0445","3.0040","0.09K","-1.28%"
"06/22/2018","3.0575","3.0665","3.0725","3.0485","0.36K","0.20%"
"06/21/2018","3.0515","3.0655","3.0660","3.0500","0.26K","-0.63%"
"06/20/2018","3.0710","3.0720","3.0920","3.0560","0.07K","-0.26%"
"06/19/2018","3.0790","3.0915","3.1035","3.0775","0.06K","-1.90%"
"06/18/2018","3.1385","3.1620","3.1655","3.1300","0.12K","-1.17%"
"06/15/2018","3.1755","3.2000","3.2000","3.1650","0.15K","-2.34%"
"06/14/2018","3.2515","3.2520","3.2520","3.2520","0.14K","-0.93%"
"06/13/2018","3.2820","3.2655","3.2880","3.2645","0.03K","0.14%"
"06/12/2018","3.2775","3.2700","3.2810","3.2700","0.12K","-0.23%"
"06/11/2018","3.2850","3.2800","3.2920","3.2780","0.07K","-1.29%"
"06/08/2018","3.3280","3.2950","3.3270","3.2950","0.11K","0.77%"
"06/07/2018","3.3025","3.3325","3.3325","3.2900","0.14K","0.35%"
"06/06/2018","3.2910","3.2410","3.2410","3.2400","0.01K","1.98%"
"06/05/2018","3.2270","3.2260","3.2290","3.2260","0.44K","1.99%"
"06/04/2018","3.1640","3.1630","3.1630","3.1630","0.06K","1.13%"
"06/01/2018","3.1285","3.1200","3.1285","3.1200","0.01K","1.08%"
"05/31/2018","3.0950","3.0715","3.0920","3.0460","0.02K","-0.11%"
"05/30/2018","3.0985","3.0625","3.0975","3.0475","0.34K","0.49%"
"05/29/2018","3.0835","3.1025","3.1335","3.0515","10.09K","-0.50%"
"05/25/2018","3.0990","3.1220","3.1365","3.0900","10.96K","-0.59%"
"05/24/2018","3.1175","3.0915","3.1235","3.0880","6.27K","0.82%"
"05/23/2018","3.0920","3.1410","3.1520","3.0700","8.22K","-1.93%"
"05/22/2018","3.1530","3.1220","3.1690","3.1100","12.11K","1.06%"
"05/21/2018","3.1200","3.0885","3.1315","3.0885","6.70K","1.13%"
"05/18/2018","3.0850","3.0990","3.1100","3.0775","2.99K","-0.80%"
"05/17/2018","3.1100","3.0970","3.1200","3.0910","3.40K","0.61%"
"05/16/2018","3.0910","3.0785","3.0995","3.0665","11.66K","0.45%"
"05/15/2018","3.0770","3.1060","3.1230","3.0570","14.67K","-1.19%"
"05/14/2018","3.1140","3.1325","3.1510","3.0980","3.31K","-0.61%"
"05/11/2018","3.1330","3.1300","3.1465","3.1240","13.53K","0.05%"
"05/10/2018","3.1315","3.0825","3.1380","3.0745","16.57K","1.69%"
"05/09/2018","3.0795","3.0885","3.0895","3.0625","9.66K","-0.05%"
"05/08/2018","3.0810","3.0950","3.1115","3.0355","17.25K","-0.63%"
"05/07/2018","3.1005","3.1080","3.1225","3.0835","11.18K","-0.16%"
"05/04/2018","3.1055","3.1110","3.1250","3.0735","6.60K","0.16%"
"05/03/2018","3.1005","3.0835","3.1405","3.0790","7.94K","0.39%"
"05/02/2018","3.0885","3.0700","3.1070","3.0680","7.95K","1.01%"
"05/01/2018","3.0575","3.0905","3.1040","3.0400","11.44K","-1.18%"
"04/30/2018","3.0940","3.0925","3.1085","3.0790","6.84K","0.10%"
"04/27/2018","3.0910","3.1610","3.1665","3.0740","7.52K","-1.86%"
"04/26/2018","3.1495","3.1620","3.1640","3.1380","0.07K","-0.60%"
"04/25/2018","3.1685","3.1665","3.1665","3.1665","0.18K","-0.20%"
"04/24/2018","3.1750","3.1785","3.1785","3.1785","0.02K","1.02%"
"04/23/2018","3.1430","3.1310","3.1615","3.0780","0.09K","-0.74%"
"04/20/2018","3.1665","3.1645","3.1685","3.1630","0.09K","0.08%"
"04/19/2018","3.1640","3.1650","3.1655","3.1510","0.02K","-0.85%"
"04/18/2018","3.1910","3.1835","3.1905","3.1810","0.10K","2.52%"
"04/17/2018","3.1125","3.1080","3.1200","3.1040","0.05K","-0.46%"
"04/16/2018","3.1270","3.1355","3.1355","3.1150","0.01K","0.81%"
"04/13/2018","3.1020","3.0955","3.0980","3.0955","0.01K","0.31%"
"04/12/2018","3.0925","3.0815","3.0925","3.0815","0.03K","-1.64%"
"04/11/2018","3.1440","3.1605","3.1605","3.1395","0.06K","-0.62%"
"04/10/2018","3.1635","3.1515","3.1650","3.1500","0.14K","1.90%"
"04/09/2018","3.1045","3.0955","3.1105","3.0845","0.06K","0.55%"
"04/06/2018","3.0875","3.0840","3.0840","3.0790","0.03K","-0.55%"
"04/05/2018","3.1045","3.0785","3.1000","3.0785","0.02K","2.09%"
"04/04/2018","3.0410","3.0040","3.0400","3.0040","0.01K","-1.71%"
"04/03/2018","3.0940","3.0940","3.0955","3.0835","0.01K","0.44%"
"04/02/2018","3.0805","3.0940","3.0970","3.0770","0.02K","0.82%"
"03/29/2018","3.0555","3.0620","3.0620","3.0585","0.01K","0.78%"
"03/28/2018","3.0320","3.0145","3.0280","3.0145","0.01K","0.36%"
"03/27/2018","3.0210","3.0050","3.0435","2.9975","17.57K","1.05%"
"03/26/2018","2.9895","2.9985","3.0210","2.9585","9.38K","-0.76%"
"03/23/2018","3.0125","3.0430","3.0480","2.9910","11.12K","-0.89%"
"03/22/2018","3.0395","3.0995","3.1075","3.0225","10.11K","-1.23%"
"03/21/2018","3.0775","3.0610","3.1115","3.0345","12.30K","0.64%"
"03/20/2018","3.0580","3.0950","3.1120","3.0495","13.47K","-1.40%"
"03/19/2018","3.1015","3.1295","3.1295","3.0790","7.64K","-0.82%"
"03/16/2018","3.1270","3.1420","3.1685","3.1100","5.03K","-0.64%"
"03/15/2018","3.1470","3.1685","3.1855","3.1280","5.11K","-0.98%"
"03/14/2018","3.1780","3.1535","3.2115","3.1465","9.99K","0.63%"
"03/13/2018","3.1580","3.1415","3.1630","3.1230","9.75K","0.48%"
"03/12/2018","3.1430","3.1635","3.1745","3.1300","11.08K","-0.38%"
"03/09/2018","3.1550","3.0975","3.1655","3.0755","13.66K","1.84%"
"03/08/2018","3.0980","3.1540","3.1575","3.0895","9.87K","-1.81%"
"03/07/2018","3.1550","3.1725","3.1735","3.1370","15.26K","-0.69%"
"03/06/2018","3.1770","3.1445","3.1950","3.1445","5.24K","0.99%"
"03/05/2018","3.1460","3.1500","3.1555","3.1135","7.99K","0.11%"
"03/02/2018","3.1425","3.1430","3.1635","3.1280","3.69K","0.03%"
"03/01/2018","3.1415","3.1465","3.1640","3.1180","8.88K","-0.33%"
"02/28/2018","3.1520","3.2005","3.2040","3.1445","11.01K","-1.67%"
"02/27/2018","3.2055","3.2430","3.2550","3.1830","6.25K","-0.88%"
"02/26/2018","3.2340","3.2445","3.2630","3.2250","0.20K","-0.26%"
"02/23/2018","3.2425","3.2500","3.2500","3.2250","0.22K","-0.87%"
"02/22/2018","3.2710","3.2275","3.2635","3.1955","0.05K","0.75%"
"02/21/2018","3.2465","3.2080","3.2320","3.2080","0.04K","0.73%"
"02/20/2018","3.2230","3.2350","3.2445","3.2160","0.69K","-1.66%"
"02/16/2018","3.2775","3.2735","3.2920","3.2700","0.04K","0.14%"
"02/15/2018","3.2730","3.2690","3.2715","3.2620","0.05K","0.32%"
"02/14/2018","3.2625","3.1750","3.2610","3.1750","0.06K","2.27%"
"02/13/2018","3.1900","3.1795","3.1930","3.1745","0.02K","2.42%"
"02/12/2018","3.1145","3.0950","3.1120","3.0945","0.02K","1.71%"
"02/09/2018","3.0620","3.1095","3.1095","3.0755","0.01K","-1.56%"
"02/08/2018","3.1105","3.1170","3.1290","3.1000","0.04K","-0.21%"
"02/07/2018","3.1170","3.2390","3.2390","3.1165","0.21K","-3.17%"
"02/06/2018","3.2190","3.2160","3.2440","3.2160","0.01K","-0.97%"
"02/05/2018","3.2505","3.2695","3.2695","3.2195","0.01K","1.04%"
"02/02/2018","3.2170","3.1955","3.2095","3.1950","0.02K","-0.65%"
"02/01/2018","3.2380","3.2250","3.2490","3.2250","0.05K","0.43%"
"01/31/2018","3.2240","3.2380","3.2380","3.2380","0.00K","0.20%"
"01/30/2018","3.2175","3.2210","3.2210","3.2090","0.00K","0.11%"
"01/29/2018","3.2140","3.2210","3.2545","3.2105","8.89K","-0.16%"
"01/26/2018","3.2190","3.2235","3.2475","3.2055","15.13K","-0.53%"
"01/25/2018","3.2360","3.2480","3.2755","3.2165","13.61K","-0.34%"
"01/24/2018","3.2470","3.1375","3.2605","3.1355","21.61K","3.74%"
"01/23/2018","3.1300","3.2180","3.2295","3.1275","21.90K","-2.67%"
"01/22/2018","3.2160","3.2030","3.2350","3.1990","7.79K","0.34%"
"01/19/2018","3.2050","3.2190","3.2500","3.1980","7.06K","-0.34%"
"01/18/2018","3.2160","3.2085","3.2310","3.2030","7.39K","0.30%"
"01/17/2018","3.2065","3.2365","3.2365","3.1965","4.53K","-0.94%"
"01/16/2018","3.2370","3.2420","3.3065","3.2005","16.92K","0.05%"
"01/12/2018","3.2355","3.2430","3.2645","3.2335","9.46K","-0.42%"
"01/11/2018","3.2490","3.2520","3.2715","3.2230","12.61K","-0.06%"
"01/10/2018","3.2510","3.2365","3.2870","3.2350","12.17K","0.60%"
"01/09/2018","3.2315","3.2490","3.2715","3.2280","8.91K","-0.26%"
"01/08/2018","3.2400","3.2500","3.2595","3.2360","8.26K","-0.17%"
"01/05/2018","3.2455","3.2705","3.2900","3.2385","5.88K","-1.01%"
"01/04/2018","3.2785","3.2710","3.3130","3.2615","7.17K","0.17%"
"01/03/2018","3.2730","3.2895","3.2930","3.2520","9.27K","-0.59%"
"01/02/2018","3.2925","3.3090","3.3230","3.2825","9.08K","-0.68%"